clean,corrupted,answer
28+5=,28-5=,33
98+96=,98-96=,194
83+78=,83-78=,161
68+30=,68-30=,98
52+88=,52-88=,140
67+45=,67-45=,112
17+6=,17-6=,23
42+41=,42-41=,83
74+45=,74-45=,119
43+84=,43-84=,127
53+79=,53-79=,132
92+84=,92-84=,176
65+83=,65-83=,148
31+69=,31-69=,100
37+9=,37-9=,46
81+47=,81-47=,128
44+61=,44-61=,105
72+33=,72-33=,105
91+69=,91-69=,160
94+63=,94-63=,157
11+88=,11-88=,99
47+41=,47-41=,88
18+73=,18-73=,91
99+64=,99-64=,163
36+87=,36-87=,123
12+13=,12-13=,25
78+29=,78-29=,107
10+29=,10-29=,39
14+84=,14-84=,98
26+83=,26-83=,109
26+73=,26-73=,99
78+51=,78-51=,129
5+71=,5-71=,76
62+90=,62-90=,152
77+29=,77-29=,106
92+2=,92-2=,94
58+45=,58-45=,103
7+74=,7-74=,81
36+19=,36-19=,55
91+83=,91-83=,174
13+86=,13-86=,99
30+83=,30-83=,113
64+39=,64-39=,103
45+34=,45-34=,79
98+58=,98-58=,156
89+17=,89-17=,106
73+38=,73-38=,111
78+67=,78-67=,145
3+39=,3-39=,42
59+39=,59-39=,98
19+63=,19-63=,82
13+74=,13-74=,87
46+52=,46-52=,98
97+4=,97-4=,101
62+73=,62-73=,135
4+99=,4-99=,103
8+14=,8-14=,22
67+20=,67-20=,87
20+10=,20-10=,30
11+73=,11-73=,84
81+41=,81-41=,122
82+70=,82-70=,152
56+54=,56-54=,110
73+40=,73-40=,113
69+24=,69-24=,93
9+58=,9-58=,67
21+52=,21-52=,73
86+73=,86-73=,159
55+6=,55-6=,61
2+97=,2-97=,99
7+43=,7-43=,50
32+15=,32-15=,47
77+29=,77-29=,106
80+8=,80-8=,88
4+10=,4-10=,14
64+18=,64-18=,82
79+25=,79-25=,104
85+10=,85-10=,95
98+73=,98-73=,171
67+7=,67-7=,74
29+48=,29-48=,77
29+82=,29-82=,111
69+59=,69-59=,128
34+95=,34-95=,129
16+95=,16-95=,111
58+10=,58-10=,68
75+54=,75-54=,129
75+12=,75-12=,87
91+38=,91-38=,129
70+22=,70-22=,92
5+13=,5-13=,18
75+97=,75-97=,172
3+36=,3-36=,39
10+58=,10-58=,68
64+38=,64-38=,102
75+15=,75-15=,90
8+30=,8-30=,38
69+86=,69-86=,155
14+73=,14-73=,87
72+61=,72-61=,133
2+1=,2-1=,3
2+55=,2-55=,57
36+43=,36-43=,79
63+69=,63-69=,132
82+31=,82-31=,113
18+35=,18-35=,53
71+6=,71-6=,77
43+80=,43-80=,123
38+43=,38-43=,81
40+65=,40-65=,105
31+31=,31-31=,62
72+91=,72-91=,163
34+26=,34-26=,60
42+51=,42-51=,93
54+6=,54-6=,60
72+62=,72-62=,134
58+69=,58-69=,127
22+39=,22-39=,61
29+88=,29-88=,117
80+27=,80-27=,107
20+85=,20-85=,105
12+29=,12-29=,41
53+87=,53-87=,140
32+92=,32-92=,124
50+85=,50-85=,135
63+49=,63-49=,112
91+41=,91-41=,132
29+100=,29-100=,129
30+65=,30-65=,95
7+75=,7-75=,82
30+65=,30-65=,95
25+60=,25-60=,85
16+64=,16-64=,80
38+97=,38-97=,135
65+22=,65-22=,87
99+3=,99-3=,102
23+56=,23-56=,79
1+80=,1-80=,81
91+55=,91-55=,146
78+77=,78-77=,155
2+7=,2-7=,9
9+36=,9-36=,45
87+41=,87-41=,128
90+25=,90-25=,115
80+63=,80-63=,143
73+13=,73-13=,86
19+49=,19-49=,68
73+32=,73-32=,105
7+79=,7-79=,86
32+38=,32-38=,70
80+92=,80-92=,172
89+83=,89-83=,172
86+100=,86-100=,186
89+43=,89-43=,132
79+47=,79-47=,126
28+91=,28-91=,119
44+55=,44-55=,99
53+26=,53-26=,79
20+84=,20-84=,104
76+98=,76-98=,174
91+96=,91-96=,187
72+43=,72-43=,115
8+59=,8-59=,67
78+47=,78-47=,125
90+49=,90-49=,139
62+8=,62-8=,70
4+67=,4-67=,71
27+80=,27-80=,107
51+79=,51-79=,130
62+79=,62-79=,141
6+38=,6-38=,44
71+14=,71-14=,85
74+86=,74-86=,160
76+95=,76-95=,171
42+34=,42-34=,76
50+5=,50-5=,55
97+71=,97-71=,168
86+87=,86-87=,173
79+22=,79-22=,101
13+94=,13-94=,107
29+59=,29-59=,88
6+7=,6-7=,13
72+20=,72-20=,92
13+12=,13-12=,25
27+34=,27-34=,61
90+56=,90-56=,146
34+84=,34-84=,118
61+70=,61-70=,131
54+59=,54-59=,113
56+96=,56-96=,152
52+72=,52-72=,124
53+62=,53-62=,115
87+68=,87-68=,155
18+67=,18-67=,85
41+86=,41-86=,127
34+86=,34-86=,120
56+96=,56-96=,152
80+63=,80-63=,143
5+40=,5-40=,45
55+55=,55-55=,110
35+1=,35-1=,36
29+16=,29-16=,45
49+77=,49-77=,126
89+57=,89-57=,146
26+53=,26-53=,79
93+31=,93-31=,124
11+14=,11-14=,25
14+61=,14-61=,75
78+29=,78-29=,107
64+65=,64-65=,129
59+16=,59-16=,75
86+71=,86-71=,157
70+19=,70-19=,89
41+78=,41-78=,119
10+73=,10-73=,83
23+30=,23-30=,53
67+91=,67-91=,158
16+87=,16-87=,103
46+19=,46-19=,65
63+42=,63-42=,105
46+19=,46-19=,65
90+37=,90-37=,127
37+36=,37-36=,73
19+36=,19-36=,55
42+84=,42-84=,126
80+63=,80-63=,143
87+41=,87-41=,128
17+67=,17-67=,84
4+64=,4-64=,68
91+98=,91-98=,189
96+53=,96-53=,149
34+6=,34-6=,40
38+19=,38-19=,57
73+87=,73-87=,160
87+75=,87-75=,162
31+49=,31-49=,80
15+76=,15-76=,91
23+55=,23-55=,78
32+11=,32-11=,43
49+47=,49-47=,96
96+4=,96-4=,100
91+33=,91-33=,124
80+14=,80-14=,94
79+8=,79-8=,87
21+67=,21-67=,88
55+55=,55-55=,110
79+63=,79-63=,142
26+33=,26-33=,59
61+88=,61-88=,149
79+23=,79-23=,102
36+20=,36-20=,56
41+4=,41-4=,45
80+61=,80-61=,141
80+52=,80-52=,132
37+74=,37-74=,111
17+84=,17-84=,101
62+2=,62-2=,64
93+94=,93-94=,187
71+43=,71-43=,114
59+99=,59-99=,158
40+10=,40-10=,50
42+71=,42-71=,113
64+86=,64-86=,150
28+4=,28-4=,32
31+74=,31-74=,105
34+14=,34-14=,48
49+63=,49-63=,112
44+78=,44-78=,122
83+71=,83-71=,154
45+32=,45-32=,77
60+96=,60-96=,156
36+91=,36-91=,127
81+87=,81-87=,168
48+75=,48-75=,123
33+40=,33-40=,73
9+78=,9-78=,87
33+80=,33-80=,113
98+96=,98-96=,194
98+50=,98-50=,148
4+11=,4-11=,15
56+95=,56-95=,151
3+91=,3-91=,94
88+38=,88-38=,126
75+68=,75-68=,143
71+4=,71-4=,75
88+72=,88-72=,160
23+20=,23-20=,43
56+21=,56-21=,77
18+92=,18-92=,110
46+77=,46-77=,123
5+49=,5-49=,54
11+39=,11-39=,50
93+87=,93-87=,180
13+64=,13-64=,77
29+43=,29-43=,72
27+47=,27-47=,74
94+22=,94-22=,116
11+66=,11-66=,77
99+27=,99-27=,126
44+50=,44-50=,94
58+62=,58-62=,120
10+62=,10-62=,72
58+92=,58-92=,150
98+5=,98-5=,103
19+55=,19-55=,74
30+31=,30-31=,61
20+91=,20-91=,111
57+76=,57-76=,133
63+93=,63-93=,156
26+81=,26-81=,107
44+87=,44-87=,131
7+6=,7-6=,13
43+49=,43-49=,92
57+47=,57-47=,104
29+44=,29-44=,73
49+35=,49-35=,84
92+80=,92-80=,172
68+66=,68-66=,134
85+87=,85-87=,172
38+62=,38-62=,100
33+66=,33-66=,99
38+52=,38-52=,90
72+92=,72-92=,164
19+89=,19-89=,108
31+18=,31-18=,49
5+29=,5-29=,34
95+93=,95-93=,188
15+38=,15-38=,53
22+44=,22-44=,66
44+80=,44-80=,124
100+58=,100-58=,158
48+26=,48-26=,74
74+66=,74-66=,140
38+4=,38-4=,42
24+32=,24-32=,56
6+89=,6-89=,95
96+5=,96-5=,101
24+29=,24-29=,53
69+49=,69-49=,118
21+78=,21-78=,99
81+84=,81-84=,165
66+97=,66-97=,163
62+67=,62-67=,129
67+83=,67-83=,150
7+65=,7-65=,72
45+26=,45-26=,71
5+29=,5-29=,34
34+50=,34-50=,84
44+74=,44-74=,118
24+14=,24-14=,38
55+48=,55-48=,103
54+72=,54-72=,126
26+9=,26-9=,35
99+90=,99-90=,189
97+23=,97-23=,120
71+45=,71-45=,116
84+1=,84-1=,85
72+81=,72-81=,153
75+54=,75-54=,129
28+1=,28-1=,29
82+94=,82-94=,176
42+17=,42-17=,59
22+64=,22-64=,86
61+8=,61-8=,69
64+28=,64-28=,92
26+7=,26-7=,33
77+26=,77-26=,103
29+100=,29-100=,129
91+5=,91-5=,96
37+98=,37-98=,135
27+80=,27-80=,107
55+49=,55-49=,104
20+57=,20-57=,77
95+62=,95-62=,157
92+50=,92-50=,142
2+8=,2-8=,10
82+49=,82-49=,131
69+29=,69-29=,98
43+2=,43-2=,45
61+27=,61-27=,88
79+54=,79-54=,133
4+61=,4-61=,65
94+63=,94-63=,157
95+58=,95-58=,153
65+23=,65-23=,88
23+80=,23-80=,103
44+49=,44-49=,93
64+48=,64-48=,112
43+34=,43-34=,77
85+29=,85-29=,114
26+95=,26-95=,121
98+12=,98-12=,110
56+66=,56-66=,122
54+73=,54-73=,127
37+29=,37-29=,66
5+89=,5-89=,94
74+8=,74-8=,82
81+15=,81-15=,96
35+3=,35-3=,38
24+23=,24-23=,47
52+54=,52-54=,106
65+71=,65-71=,136
7+43=,7-43=,50
65+21=,65-21=,86
93+82=,93-82=,175
62+12=,62-12=,74
23+94=,23-94=,117
24+37=,24-37=,61
47+43=,47-43=,90
99+58=,99-58=,157
2+69=,2-69=,71
60+38=,60-38=,98
1+83=,1-83=,84
42+35=,42-35=,77
67+26=,67-26=,93
34+76=,34-76=,110
97+12=,97-12=,109
91+5=,91-5=,96
87+14=,87-14=,101
98+33=,98-33=,131
1+71=,1-71=,72
48+18=,48-18=,66
17+23=,17-23=,40
84+48=,84-48=,132
33+15=,33-15=,48
99+21=,99-21=,120
63+93=,63-93=,156
64+71=,64-71=,135
81+83=,81-83=,164
17+82=,17-82=,99
33+56=,33-56=,89
97+51=,97-51=,148
58+5=,58-5=,63
73+12=,73-12=,85
83+58=,83-58=,141
75+83=,75-83=,158
81+52=,81-52=,133
91+71=,91-71=,162
69+23=,69-23=,92
26+78=,26-78=,104
53+41=,53-41=,94
52+2=,52-2=,54
79+52=,79-52=,131
52+42=,52-42=,94
82+96=,82-96=,178
35+79=,35-79=,114
16+82=,16-82=,98
95+57=,95-57=,152
47+13=,47-13=,60
79+52=,79-52=,131
32+80=,32-80=,112
6+73=,6-73=,79
80+27=,80-27=,107
56+38=,56-38=,94
37+85=,37-85=,122
60+30=,60-30=,90
28+86=,28-86=,114
29+27=,29-27=,56
27+34=,27-34=,61
80+20=,80-20=,100
10+33=,10-33=,43
27+83=,27-83=,110
63+72=,63-72=,135
62+65=,62-65=,127
61+71=,61-71=,132
85+61=,85-61=,146
19+25=,19-25=,44
49+46=,49-46=,95
72+77=,72-77=,149
65+24=,65-24=,89
45+80=,45-80=,125
26+57=,26-57=,83
42+86=,42-86=,128
39+10=,39-10=,49
74+63=,74-63=,137
27+82=,27-82=,109
50+50=,50-50=,100
67+74=,67-74=,141
94+44=,94-44=,138
49+72=,49-72=,121
49+14=,49-14=,63
59+78=,59-78=,137
70+17=,70-17=,87
54+8=,54-8=,62
31+8=,31-8=,39
20+51=,20-51=,71
42+32=,42-32=,74
72+64=,72-64=,136
44+60=,44-60=,104
11+86=,11-86=,97
46+47=,46-47=,93
35+46=,35-46=,81
78+38=,78-38=,116
18+1=,18-1=,19
86+2=,86-2=,88
40+49=,40-49=,89
82+76=,82-76=,158
10+75=,10-75=,85
23+75=,23-75=,98
88+61=,88-61=,149
11+67=,11-67=,78
41+59=,41-59=,100
41+13=,41-13=,54
9+45=,9-45=,54
67+89=,67-89=,156
47+23=,47-23=,70
30+2=,30-2=,32
90+89=,90-89=,179
4+8=,4-8=,12
3+9=,3-9=,12
45+33=,45-33=,78
52+79=,52-79=,131
26+12=,26-12=,38
45+32=,45-32=,77
38+44=,38-44=,82
6+70=,6-70=,76
50+18=,50-18=,68
81+37=,81-37=,118
15+84=,15-84=,99
83+1=,83-1=,84
77+50=,77-50=,127
82+91=,82-91=,173
58+75=,58-75=,133
71+83=,71-83=,154
51+2=,51-2=,53
64+90=,64-90=,154
97+24=,97-24=,121
73+65=,73-65=,138
75+31=,75-31=,106
60+80=,60-80=,140
55+61=,55-61=,116
39+90=,39-90=,129
34+76=,34-76=,110
85+14=,85-14=,99
95+41=,95-41=,136
69+67=,69-67=,136
66+85=,66-85=,151
7+16=,7-16=,23
64+67=,64-67=,131
19+86=,19-86=,105
26+54=,26-54=,80
79+93=,79-93=,172
24+76=,24-76=,100
8+56=,8-56=,64
65+54=,65-54=,119
42+20=,42-20=,62
68+12=,68-12=,80
50+6=,50-6=,56
85+45=,85-45=,130
2+28=,2-28=,30
53+50=,53-50=,103
44+74=,44-74=,118
93+78=,93-78=,171
31+84=,31-84=,115
89+53=,89-53=,142
2+64=,2-64=,66
54+57=,54-57=,111
20+43=,20-43=,63
95+6=,95-6=,101
79+93=,79-93=,172
33+38=,33-38=,71
49+81=,49-81=,130
20+15=,20-15=,35
7+12=,7-12=,19
94+80=,94-80=,174
96+73=,96-73=,169
55+6=,55-6=,61
15+28=,15-28=,43
55+46=,55-46=,101
30+89=,30-89=,119
86+69=,86-69=,155
79+16=,79-16=,95
21+56=,21-56=,77
41+53=,41-53=,94
95+55=,95-55=,150
76+12=,76-12=,88
79+94=,79-94=,173
42+39=,42-39=,81
27+27=,27-27=,54
69+20=,69-20=,89
77+90=,77-90=,167
65+35=,65-35=,100
6+92=,6-92=,98
10+49=,10-49=,59
7+9=,7-9=,16
50+37=,50-37=,87
24+24=,24-24=,48
36+93=,36-93=,129
3+88=,3-88=,91
93+64=,93-64=,157
61+3=,61-3=,64
53+66=,53-66=,119
10+85=,10-85=,95
8+78=,8-78=,86
31+35=,31-35=,66
42+14=,42-14=,56
100+1=,100-1=,101
16+68=,16-68=,84
24+51=,24-51=,75
64+73=,64-73=,137
86+33=,86-33=,119
7+54=,7-54=,61
58+87=,58-87=,145
81+64=,81-64=,145
8+42=,8-42=,50
44+77=,44-77=,121
38+21=,38-21=,59
83+80=,83-80=,163
15+94=,15-94=,109
51+22=,51-22=,73
79+8=,79-8=,87
50+98=,50-98=,148
82+36=,82-36=,118
49+63=,49-63=,112
5+90=,5-90=,95
85+2=,85-2=,87
89+10=,89-10=,99
50+35=,50-35=,85
78+47=,78-47=,125
71+33=,71-33=,104
44+93=,44-93=,137
32+85=,32-85=,117
97+39=,97-39=,136
95+92=,95-92=,187
63+58=,63-58=,121
53+81=,53-81=,134
32+33=,32-33=,65
95+31=,95-31=,126
65+72=,65-72=,137
89+62=,89-62=,151
76+40=,76-40=,116
85+100=,85-100=,185
74+65=,74-65=,139
77+71=,77-71=,148
37+43=,37-43=,80
90+27=,90-27=,117
47+65=,47-65=,112
34+36=,34-36=,70
6+97=,6-97=,103
47+87=,47-87=,134
60+42=,60-42=,102
58+14=,58-14=,72
47+33=,47-33=,80
22+32=,22-32=,54
46+9=,46-9=,55
56+78=,56-78=,134
80+22=,80-22=,102
13+51=,13-51=,64
72+63=,72-63=,135
14+84=,14-84=,98
19+48=,19-48=,67
8+2=,8-2=,10
89+22=,89-22=,111
21+58=,21-58=,79
38+68=,38-68=,106
17+56=,17-56=,73
4+51=,4-51=,55
66+22=,66-22=,88
72+67=,72-67=,139
2+65=,2-65=,67
11+82=,11-82=,93
13+44=,13-44=,57
12+37=,12-37=,49
49+92=,49-92=,141
60+7=,60-7=,67
56+72=,56-72=,128
80+33=,80-33=,113
54+52=,54-52=,106
53+100=,53-100=,153
40+95=,40-95=,135
24+3=,24-3=,27
58+56=,58-56=,114
31+100=,31-100=,131
33+9=,33-9=,42
25+60=,25-60=,85
19+95=,19-95=,114
38+14=,38-14=,52
31+56=,31-56=,87
46+25=,46-25=,71
4+27=,4-27=,31
26+26=,26-26=,52
29+78=,29-78=,107
85+93=,85-93=,178
68+95=,68-95=,163
91+8=,91-8=,99
59+64=,59-64=,123
53+70=,53-70=,123
2+93=,2-93=,95
4+68=,4-68=,72
33+48=,33-48=,81
32+82=,32-82=,114
10+45=,10-45=,55
65+25=,65-25=,90
60+44=,60-44=,104
73+69=,73-69=,142
44+73=,44-73=,117
93+47=,93-47=,140
45+1=,45-1=,46
44+95=,44-95=,139
41+30=,41-30=,71
58+38=,58-38=,96
1+80=,1-80=,81
32+23=,32-23=,55
19+82=,19-82=,101
65+15=,65-15=,80
61+51=,61-51=,112
64+62=,64-62=,126
53+95=,53-95=,148
9+76=,9-76=,85
9+27=,9-27=,36
100+54=,100-54=,154
64+69=,64-69=,133
38+20=,38-20=,58
53+50=,53-50=,103
64+49=,64-49=,113
1+65=,1-65=,66
94+72=,94-72=,166
5+93=,5-93=,98
99+25=,99-25=,124
15+83=,15-83=,98
91+35=,91-35=,126
41+51=,41-51=,92
55+34=,55-34=,89
78+58=,78-58=,136
7+89=,7-89=,96
66+62=,66-62=,128
65+2=,65-2=,67
95+49=,95-49=,144
91+50=,91-50=,141
64+40=,64-40=,104
49+10=,49-10=,59
7+39=,7-39=,46
38+44=,38-44=,82
63+81=,63-81=,144
75+32=,75-32=,107
15+36=,15-36=,51
32+50=,32-50=,82
4+7=,4-7=,11
17+65=,17-65=,82
37+39=,37-39=,76
12+16=,12-16=,28
8+21=,8-21=,29
4+48=,4-48=,52
16+86=,16-86=,102
4+58=,4-58=,62
68+34=,68-34=,102
24+79=,24-79=,103
91+79=,91-79=,170
1+38=,1-38=,39
27+68=,27-68=,95
34+4=,34-4=,38
83+61=,83-61=,144
16+87=,16-87=,103
45+99=,45-99=,144
71+96=,71-96=,167
91+47=,91-47=,138
93+63=,93-63=,156
69+21=,69-21=,90
57+97=,57-97=,154
75+72=,75-72=,147
5+53=,5-53=,58
87+5=,87-5=,92
32+99=,32-99=,131
96+70=,96-70=,166
81+25=,81-25=,106
76+29=,76-29=,105
39+82=,39-82=,121
12+22=,12-22=,34
81+35=,81-35=,116
92+17=,92-17=,109
63+11=,63-11=,74
6+30=,6-30=,36
17+75=,17-75=,92
67+64=,67-64=,131
46+27=,46-27=,73
76+53=,76-53=,129
22+90=,22-90=,112
22+59=,22-59=,81
67+77=,67-77=,144
22+66=,22-66=,88
55+34=,55-34=,89
54+16=,54-16=,70
19+38=,19-38=,57
54+41=,54-41=,95
23+48=,23-48=,71
37+46=,37-46=,83
89+91=,89-91=,180
56+27=,56-27=,83
27+33=,27-33=,60
11+64=,11-64=,75
28+6=,28-6=,34
74+16=,74-16=,90
4+35=,4-35=,39
74+5=,74-5=,79
72+38=,72-38=,110
19+59=,19-59=,78
58+96=,58-96=,154
40+89=,40-89=,129
12+20=,12-20=,32
5+45=,5-45=,50
24+92=,24-92=,116
52+8=,52-8=,60
37+80=,37-80=,117
32+31=,32-31=,63
89+90=,89-90=,179
83+28=,83-28=,111
57+15=,57-15=,72
31+83=,31-83=,114
22+20=,22-20=,42
48+61=,48-61=,109
68+40=,68-40=,108
95+43=,95-43=,138
30+43=,30-43=,73
79+6=,79-6=,85
16+18=,16-18=,34
72+51=,72-51=,123
35+25=,35-25=,60
79+92=,79-92=,171
47+68=,47-68=,115
42+50=,42-50=,92
57+94=,57-94=,151
52+64=,52-64=,116
43+73=,43-73=,116
15+5=,15-5=,20
79+14=,79-14=,93
68+36=,68-36=,104
9+41=,9-41=,50
90+1=,90-1=,91
5+69=,5-69=,74
25+18=,25-18=,43
2+75=,2-75=,77
83+5=,83-5=,88
63+43=,63-43=,106
86+14=,86-14=,100
6+80=,6-80=,86
47+74=,47-74=,121
18+51=,18-51=,69
39+96=,39-96=,135
1+5=,1-5=,6
54+25=,54-25=,79
90+91=,90-91=,181
60+92=,60-92=,152
63+24=,63-24=,87
29+22=,29-22=,51
88+15=,88-15=,103
94+7=,94-7=,101
38+30=,38-30=,68
19+12=,19-12=,31
90+81=,90-81=,171
1+60=,1-60=,61
5+95=,5-95=,100
11+42=,11-42=,53
95+14=,95-14=,109
62+70=,62-70=,132
78+25=,78-25=,103
51+16=,51-16=,67
41+68=,41-68=,109
3+40=,3-40=,43
67+5=,67-5=,72
18+79=,18-79=,97
5+79=,5-79=,84
55+25=,55-25=,80
21+14=,21-14=,35
64+17=,64-17=,81
79+11=,79-11=,90
60+74=,60-74=,134
7+98=,7-98=,105
33+81=,33-81=,114
30+61=,30-61=,91
61+23=,61-23=,84
75+98=,75-98=,173
15+7=,15-7=,22
84+26=,84-26=,110
2+52=,2-52=,54
81+73=,81-73=,154
28+27=,28-27=,55
51+77=,51-77=,128
20+21=,20-21=,41
32+8=,32-8=,40
88+25=,88-25=,113
70+68=,70-68=,138
55+13=,55-13=,68
50+64=,50-64=,114
16+24=,16-24=,40
27+4=,27-4=,31
70+58=,70-58=,128
80+16=,80-16=,96
76+45=,76-45=,121
84+56=,84-56=,140
21+61=,21-61=,82
69+33=,69-33=,102
12+29=,12-29=,41
97+7=,97-7=,104
46+68=,46-68=,114
28+40=,28-40=,68
32+9=,32-9=,41
58+77=,58-77=,135
54+90=,54-90=,144
57+59=,57-59=,116
7+18=,7-18=,25
70+7=,70-7=,77
39+16=,39-16=,55
49+67=,49-67=,116
23+2=,23-2=,25
12+51=,12-51=,63
72+90=,72-90=,162
65+25=,65-25=,90
18+62=,18-62=,80
72+69=,72-69=,141
30+24=,30-24=,54
63+44=,63-44=,107
13+3=,13-3=,16
71+22=,71-22=,93
54+29=,54-29=,83
45+2=,45-2=,47
97+70=,97-70=,167
100+71=,100-71=,171
17+33=,17-33=,50
86+91=,86-91=,177
89+48=,89-48=,137
93+34=,93-34=,127
34+75=,34-75=,109
2+62=,2-62=,64
37+20=,37-20=,57
73+19=,73-19=,92
41+30=,41-30=,71
79+86=,79-86=,165
8+3=,8-3=,11
86+98=,86-98=,184
77+32=,77-32=,109
31+88=,31-88=,119
41+73=,41-73=,114
82+48=,82-48=,130
14+47=,14-47=,61
44+25=,44-25=,69
32+95=,32-95=,127
69+64=,69-64=,133
39+28=,39-28=,67
48+57=,48-57=,105
57+47=,57-47=,104
89+25=,89-25=,114
88+18=,88-18=,106
70+14=,70-14=,84
87+90=,87-90=,177
89+67=,89-67=,156
78+62=,78-62=,140
77+88=,77-88=,165
27+81=,27-81=,108
84+10=,84-10=,94
46+79=,46-79=,125
100+22=,100-22=,122
34+98=,34-98=,132
11+8=,11-8=,19
23+26=,23-26=,49
76+30=,76-30=,106
58+45=,58-45=,103
8+95=,8-95=,103
3+17=,3-17=,20
97+17=,97-17=,114
12+53=,12-53=,65
97+48=,97-48=,145
94+69=,94-69=,163
86+50=,86-50=,136
100+89=,100-89=,189
46+47=,46-47=,93
55+99=,55-99=,154
27+9=,27-9=,36
30+21=,30-21=,51
87+40=,87-40=,127
48+91=,48-91=,139
28+13=,28-13=,41
31+10=,31-10=,41
21+88=,21-88=,109
52+63=,52-63=,115
95+70=,95-70=,165
98+8=,98-8=,106
53+81=,53-81=,134
15+94=,15-94=,109
8+69=,8-69=,77
27+63=,27-63=,90
2+20=,2-20=,22
36+20=,36-20=,56
98+94=,98-94=,192
32+91=,32-91=,123
42+36=,42-36=,78
34+69=,34-69=,103
88+68=,88-68=,156
46+94=,46-94=,140
78+98=,78-98=,176
89+68=,89-68=,157
95+40=,95-40=,135
16+7=,16-7=,23
85+9=,85-9=,94
29+90=,29-90=,119
43+82=,43-82=,125
16+83=,16-83=,99
9+50=,9-50=,59
91+96=,91-96=,187
36+43=,36-43=,79
33+18=,33-18=,51
12+89=,12-89=,101
43+22=,43-22=,65
78+47=,78-47=,125
16+18=,16-18=,34
29+9=,29-9=,38
32+56=,32-56=,88
74+5=,74-5=,79
22+32=,22-32=,54
57+65=,57-65=,122
98+81=,98-81=,179
10+92=,10-92=,102
89+14=,89-14=,103
82+50=,82-50=,132
84+24=,84-24=,108
5+36=,5-36=,41
19+85=,19-85=,104
45+66=,45-66=,111
23+42=,23-42=,65
59+11=,59-11=,70
46+79=,46-79=,125
50+37=,50-37=,87
56+13=,56-13=,69
6+2=,6-2=,8
76+92=,76-92=,168
44+53=,44-53=,97
19+9=,19-9=,28
89+42=,89-42=,131
41+64=,41-64=,105
89+52=,89-52=,141
50+1=,50-1=,51
37+58=,37-58=,95
8+3=,8-3=,11
12+2=,12-2=,14
87+97=,87-97=,184
56+53=,56-53=,109
32+36=,32-36=,68
68+5=,68-5=,73
81+80=,81-80=,161
77+45=,77-45=,122
87+12=,87-12=,99
33+66=,33-66=,99
41+82=,41-82=,123
68+25=,68-25=,93
55+57=,55-57=,112
29+99=,29-99=,128
80+94=,80-94=,174
91+5=,91-5=,96
53+60=,53-60=,113
41+97=,41-97=,138
95+1=,95-1=,96
55+83=,55-83=,138
43+30=,43-30=,73
30+85=,30-85=,115
44+79=,44-79=,123
89+41=,89-41=,130
39+44=,39-44=,83
71+92=,71-92=,163
81+84=,81-84=,165
22+34=,22-34=,56
51+20=,51-20=,71
58+20=,58-20=,78
89+74=,89-74=,163
79+81=,79-81=,160
45+23=,45-23=,68
18+12=,18-12=,30
87+74=,87-74=,161
13+24=,13-24=,37
68+45=,68-45=,113
38+26=,38-26=,64
98+71=,98-71=,169
43+62=,43-62=,105
27+72=,27-72=,99
65+96=,65-96=,161
18+37=,18-37=,55
46+64=,46-64=,110
38+92=,38-92=,130
43+37=,43-37=,80
19+21=,19-21=,40
77+79=,77-79=,156
43+10=,43-10=,53
62+31=,62-31=,93
57+87=,57-87=,144
58+5=,58-5=,63
67+86=,67-86=,153
15+74=,15-74=,89
100+6=,100-6=,106
35+24=,35-24=,59
17+28=,17-28=,45
16+72=,16-72=,88
94+11=,94-11=,105
36+2=,36-2=,38
46+61=,46-61=,107
52+15=,52-15=,67
44+35=,44-35=,79
85+76=,85-76=,161
83+8=,83-8=,91
89+95=,89-95=,184
83+25=,83-25=,108
99+71=,99-71=,170
59+13=,59-13=,72
99+23=,99-23=,122
70+53=,70-53=,123
11+91=,11-91=,102
43+64=,43-64=,107
32+52=,32-52=,84
14+28=,14-28=,42
28+25=,28-25=,53
67+12=,67-12=,79
53+6=,53-6=,59
94+62=,94-62=,156
11+88=,11-88=,99
14+43=,14-43=,57
15+15=,15-15=,30
31+62=,31-62=,93
70+79=,70-79=,149
59+88=,59-88=,147
52+59=,52-59=,111
7+8=,7-8=,15
93+4=,93-4=,97
96+60=,96-60=,156
18+4=,18-4=,22
73+87=,73-87=,160
2+20=,2-20=,22
23+53=,23-53=,76
12+12=,12-12=,24
17+33=,17-33=,50
48+34=,48-34=,82
27+29=,27-29=,56
65+86=,65-86=,151
10+67=,10-67=,77
31+26=,31-26=,57
90+93=,90-93=,183
13+11=,13-11=,24
95+43=,95-43=,138
10+24=,10-24=,34
2+40=,2-40=,42
76+23=,76-23=,99
19+94=,19-94=,113
43+34=,43-34=,77
62+30=,62-30=,92
29+85=,29-85=,114
18+6=,18-6=,24
89+17=,89-17=,106
56+55=,56-55=,111
44+35=,44-35=,79
74+88=,74-88=,162
95+70=,95-70=,165
58+27=,58-27=,85
29+66=,29-66=,95
83+10=,83-10=,93
25+97=,25-97=,122
49+85=,49-85=,134
8+76=,8-76=,84
59+7=,59-7=,66
88+89=,88-89=,177
92+64=,92-64=,156
36+17=,36-17=,53
46+8=,46-8=,54
39+68=,39-68=,107
70+11=,70-11=,81
22+66=,22-66=,88
14+33=,14-33=,47
94+21=,94-21=,115
100+68=,100-68=,168
73+76=,73-76=,149
52+93=,52-93=,145
40+59=,40-59=,99
98+79=,98-79=,177
39+90=,39-90=,129
27+60=,27-60=,87
37+19=,37-19=,56
63+8=,63-8=,71
66+74=,66-74=,140
58+23=,58-23=,81
49+88=,49-88=,137
87+68=,87-68=,155
89+6=,89-6=,95
61+23=,61-23=,84
22+100=,22-100=,122
31+70=,31-70=,101
27+17=,27-17=,44
42+64=,42-64=,106
52+72=,52-72=,124
95+30=,95-30=,125
72+27=,72-27=,99
50+80=,50-80=,130
63+37=,63-37=,100
89+16=,89-16=,105
90+31=,90-31=,121
54+9=,54-9=,63
82+65=,82-65=,147
74+98=,74-98=,172
25+42=,25-42=,67
75+44=,75-44=,119
63+46=,63-46=,109
69+1=,69-1=,70
6+79=,6-79=,85
35+53=,35-53=,88
22+77=,22-77=,99
83+74=,83-74=,157
17+68=,17-68=,85
34+60=,34-60=,94
25+25=,25-25=,50
84+32=,84-32=,116
35+49=,35-49=,84
90+56=,90-56=,146
14+47=,14-47=,61
3+2=,3-2=,5
8+95=,8-95=,103
24+71=,24-71=,95
64+11=,64-11=,75
81+25=,81-25=,106
54+81=,54-81=,135
80+83=,80-83=,163
76+51=,76-51=,127
97+51=,97-51=,148
37+20=,37-20=,57
65+96=,65-96=,161
95+29=,95-29=,124
15+47=,15-47=,62
88+53=,88-53=,141
92+31=,92-31=,123
36+69=,36-69=,105
12+58=,12-58=,70
71+28=,71-28=,99
23+31=,23-31=,54
77+34=,77-34=,111
76+81=,76-81=,157
19+21=,19-21=,40
93+26=,93-26=,119
87+14=,87-14=,101
40+64=,40-64=,104
71+16=,71-16=,87
93+7=,93-7=,100
48+9=,48-9=,57
48+9=,48-9=,57
73+64=,73-64=,137
50+50=,50-50=,100
71+12=,71-12=,83
24+4=,24-4=,28
21+26=,21-26=,47
75+15=,75-15=,90
82+11=,82-11=,93
1+59=,1-59=,60
34+42=,34-42=,76
36+37=,36-37=,73
40+51=,40-51=,91
13+4=,13-4=,17
55+97=,55-97=,152
6+13=,6-13=,19
70+19=,70-19=,89
74+97=,74-97=,171
86+56=,86-56=,142
30+63=,30-63=,93
47+83=,47-83=,130
10+69=,10-69=,79
3+25=,3-25=,28
15+38=,15-38=,53
14+99=,14-99=,113
42+18=,42-18=,60
63+21=,63-21=,84
51+6=,51-6=,57
75+88=,75-88=,163
82+95=,82-95=,177
10+48=,10-48=,58
63+83=,63-83=,146
44+93=,44-93=,137
20+86=,20-86=,106
2+94=,2-94=,96
68+96=,68-96=,164
46+53=,46-53=,99
66+100=,66-100=,166
39+51=,39-51=,90
93+39=,93-39=,132
59+48=,59-48=,107
90+9=,90-9=,99
49+23=,49-23=,72
77+66=,77-66=,143
46+2=,46-2=,48
32+77=,32-77=,109
53+62=,53-62=,115
77+12=,77-12=,89
55+92=,55-92=,147
75+96=,75-96=,171
76+86=,76-86=,162
96+45=,96-45=,141
76+62=,76-62=,138
57+60=,57-60=,117
63+66=,63-66=,129
89+69=,89-69=,158
40+99=,40-99=,139
36+80=,36-80=,116
91+32=,91-32=,123
20+51=,20-51=,71
78+26=,78-26=,104
37+42=,37-42=,79
63+13=,63-13=,76
92+44=,92-44=,136
69+33=,69-33=,102
81+8=,81-8=,89
77+61=,77-61=,138
81+78=,81-78=,159
8+89=,8-89=,97
72+41=,72-41=,113
36+80=,36-80=,116
12+72=,12-72=,84
66+38=,66-38=,104
81+80=,81-80=,161
66+92=,66-92=,158
61+18=,61-18=,79
70+6=,70-6=,76
78+31=,78-31=,109
65+14=,65-14=,79
41+75=,41-75=,116
45+30=,45-30=,75
33+15=,33-15=,48
46+68=,46-68=,114
86+7=,86-7=,93
8+6=,8-6=,14
98+85=,98-85=,183
58+18=,58-18=,76
25+20=,25-20=,45
27+74=,27-74=,101
80+20=,80-20=,100
78+71=,78-71=,149
37+94=,37-94=,131
84+5=,84-5=,89
66+72=,66-72=,138
15+14=,15-14=,29
66+38=,66-38=,104
26+31=,26-31=,57
69+5=,69-5=,74
34+60=,34-60=,94
67+42=,67-42=,109
6+16=,6-16=,22
86+39=,86-39=,125
7+36=,7-36=,43
15+76=,15-76=,91
36+20=,36-20=,56
100+44=,100-44=,144
67+49=,67-49=,116
89+35=,89-35=,124
81+25=,81-25=,106
77+91=,77-91=,168
24+73=,24-73=,97
35+48=,35-48=,83
63+43=,63-43=,106
96+72=,96-72=,168
94+73=,94-73=,167
43+25=,43-25=,68
13+9=,13-9=,22
10+65=,10-65=,75
24+13=,24-13=,37
83+10=,83-10=,93
70+93=,70-93=,163
83+53=,83-53=,136
70+69=,70-69=,139
75+71=,75-71=,146
58+86=,58-86=,144
46+4=,46-4=,50
52+74=,52-74=,126
11+13=,11-13=,24
83+95=,83-95=,178
36+57=,36-57=,93
75+20=,75-20=,95
57+49=,57-49=,106
13+17=,13-17=,30
84+22=,84-22=,106
4+10=,4-10=,14
62+4=,62-4=,66
5+68=,5-68=,73
5+63=,5-63=,68
8+77=,8-77=,85
63+40=,63-40=,103
48+31=,48-31=,79
10+22=,10-22=,32
5+23=,5-23=,28
57+61=,57-61=,118
63+81=,63-81=,144
2+41=,2-41=,43
87+95=,87-95=,182
9+48=,9-48=,57
77+56=,77-56=,133
94+40=,94-40=,134
100+88=,100-88=,188
72+17=,72-17=,89
2+15=,2-15=,17
88+19=,88-19=,107
2+1=,2-1=,3
8+35=,8-35=,43
28+1=,28-1=,29
99+56=,99-56=,155
70+13=,70-13=,83
28+73=,28-73=,101
86+93=,86-93=,179
66+58=,66-58=,124
52+10=,52-10=,62
18+42=,18-42=,60
78+57=,78-57=,135
37+44=,37-44=,81
94+42=,94-42=,136
13+48=,13-48=,61
11+18=,11-18=,29
62+5=,62-5=,67
36+83=,36-83=,119
49+15=,49-15=,64
97+42=,97-42=,139
17+35=,17-35=,52
32+98=,32-98=,130
67+72=,67-72=,139
100+67=,100-67=,167
11+52=,11-52=,63
42+70=,42-70=,112
61+45=,61-45=,106
86+73=,86-73=,159
81+56=,81-56=,137
51+59=,51-59=,110
47+39=,47-39=,86
71+21=,71-21=,92
47+35=,47-35=,82
100+4=,100-4=,104
69+44=,69-44=,113
54+74=,54-74=,128
28+69=,28-69=,97
71+26=,71-26=,97
25+52=,25-52=,77
36+55=,36-55=,91
6+97=,6-97=,103
57+97=,57-97=,154
11+59=,11-59=,70
11+42=,11-42=,53
46+76=,46-76=,122
65+92=,65-92=,157
53+44=,53-44=,97
43+74=,43-74=,117
56+7=,56-7=,63
1+51=,1-51=,52
98+49=,98-49=,147
94+70=,94-70=,164
67+45=,67-45=,112
33+40=,33-40=,73
74+94=,74-94=,168
82+87=,82-87=,169
56+29=,56-29=,85
61+70=,61-70=,131
80+39=,80-39=,119
15+53=,15-53=,68
87+55=,87-55=,142
34+96=,34-96=,130
94+79=,94-79=,173
38+77=,38-77=,115
8+88=,8-88=,96
12+59=,12-59=,71
1+80=,1-80=,81
34+21=,34-21=,55
60+13=,60-13=,73
72+67=,72-67=,139
14+92=,14-92=,106
29+61=,29-61=,90
31+89=,31-89=,120
1+63=,1-63=,64
85+40=,85-40=,125
29+54=,29-54=,83
59+71=,59-71=,130
31+10=,31-10=,41
9+14=,9-14=,23
57+82=,57-82=,139
66+49=,66-49=,115
26+49=,26-49=,75
4+86=,4-86=,90
100+51=,100-51=,151
67+87=,67-87=,154
21+24=,21-24=,45
9+91=,9-91=,100
77+18=,77-18=,95
27+72=,27-72=,99
98+18=,98-18=,116
47+76=,47-76=,123
95+58=,95-58=,153
28+1=,28-1=,29
30+4=,30-4=,34
31+39=,31-39=,70
83+13=,83-13=,96
16+73=,16-73=,89
23+3=,23-3=,26
10+13=,10-13=,23
96+58=,96-58=,154
34+39=,34-39=,73
17+28=,17-28=,45
7+3=,7-3=,10
95+22=,95-22=,117
43+35=,43-35=,78
90+64=,90-64=,154
30+13=,30-13=,43
37+35=,37-35=,72
82+20=,82-20=,102
34+25=,34-25=,59
69+82=,69-82=,151
67+65=,67-65=,132
99+34=,99-34=,133
31+35=,31-35=,66
52+21=,52-21=,73
41+54=,41-54=,95
66+51=,66-51=,117
62+37=,62-37=,99
81+47=,81-47=,128
11+74=,11-74=,85
56+59=,56-59=,115
36+41=,36-41=,77
38+5=,38-5=,43
43+100=,43-100=,143
91+53=,91-53=,144
67+85=,67-85=,152
12+8=,12-8=,20
22+47=,22-47=,69
84+12=,84-12=,96
92+47=,92-47=,139
65+35=,65-35=,100
53+78=,53-78=,131
69+87=,69-87=,156
23+33=,23-33=,56
1+54=,1-54=,55
85+51=,85-51=,136
48+52=,48-52=,100
95+10=,95-10=,105
26+51=,26-51=,77
86+87=,86-87=,173
49+93=,49-93=,142
57+62=,57-62=,119
42+83=,42-83=,125
27+42=,27-42=,69
71+71=,71-71=,142
16+27=,16-27=,43
92+100=,92-100=,192
68+66=,68-66=,134
6+86=,6-86=,92
45+96=,45-96=,141
80+98=,80-98=,178
22+18=,22-18=,40
88+85=,88-85=,173
34+30=,34-30=,64
14+40=,14-40=,54
14+4=,14-4=,18
79+31=,79-31=,110
30+3=,30-3=,33
17+71=,17-71=,88
40+95=,40-95=,135
58+30=,58-30=,88
4+83=,4-83=,87
70+72=,70-72=,142
52+67=,52-67=,119
97+67=,97-67=,164
75+72=,75-72=,147
54+16=,54-16=,70
30+44=,30-44=,74
82+52=,82-52=,134
69+30=,69-30=,99
81+39=,81-39=,120
92+13=,92-13=,105
91+58=,91-58=,149
46+36=,46-36=,82
49+75=,49-75=,124
64+39=,64-39=,103
34+80=,34-80=,114
60+95=,60-95=,155
49+59=,49-59=,108
100+25=,100-25=,125
85+56=,85-56=,141
90+37=,90-37=,127
54+16=,54-16=,70
37+71=,37-71=,108
99+39=,99-39=,138
87+32=,87-32=,119
20+82=,20-82=,102
5+30=,5-30=,35
89+73=,89-73=,162
20+4=,20-4=,24
91+56=,91-56=,147
80+14=,80-14=,94
58+22=,58-22=,80
10+27=,10-27=,37
95+67=,95-67=,162
78+34=,78-34=,112
19+11=,19-11=,30
81+55=,81-55=,136
54+33=,54-33=,87
91+86=,91-86=,177
94+30=,94-30=,124
16+3=,16-3=,19
50+78=,50-78=,128
14+38=,14-38=,52
43+16=,43-16=,59
59+13=,59-13=,72
21+72=,21-72=,93
37+80=,37-80=,117
20+76=,20-76=,96
82+64=,82-64=,146
73+93=,73-93=,166
45+23=,45-23=,68
10+9=,10-9=,19
56+11=,56-11=,67
68+32=,68-32=,100
61+14=,61-14=,75
48+57=,48-57=,105
33+4=,33-4=,37
93+10=,93-10=,103
93+70=,93-70=,163
51+60=,51-60=,111
90+17=,90-17=,107
24+23=,24-23=,47
56+16=,56-16=,72
90+79=,90-79=,169
24+20=,24-20=,44
89+3=,89-3=,92
55+76=,55-76=,131
96+53=,96-53=,149
43+3=,43-3=,46
91+73=,91-73=,164
9+13=,9-13=,22
89+54=,89-54=,143
47+16=,47-16=,63
53+63=,53-63=,116
89+70=,89-70=,159
24+18=,24-18=,42
85+71=,85-71=,156
41+78=,41-78=,119
24+47=,24-47=,71
83+86=,83-86=,169
10+45=,10-45=,55
57+83=,57-83=,140
22+87=,22-87=,109
32+14=,32-14=,46
32+33=,32-33=,65
7+54=,7-54=,61
88+41=,88-41=,129
14+36=,14-36=,50
3+58=,3-58=,61
98+27=,98-27=,125
30+92=,30-92=,122
65+88=,65-88=,153
9+21=,9-21=,30
92+96=,92-96=,188
96+6=,96-6=,102
83+23=,83-23=,106
56+51=,56-51=,107
96+53=,96-53=,149
83+16=,83-16=,99
90+39=,90-39=,129
84+75=,84-75=,159
32+34=,32-34=,66
30+84=,30-84=,114
87+1=,87-1=,88
2+74=,2-74=,76
46+29=,46-29=,75
17+12=,17-12=,29
44+16=,44-16=,60
41+14=,41-14=,55
83+29=,83-29=,112
10+64=,10-64=,74
64+85=,64-85=,149
89+20=,89-20=,109
91+39=,91-39=,130
25+43=,25-43=,68
17+1=,17-1=,18
10+34=,10-34=,44
7+30=,7-30=,37
49+17=,49-17=,66
40+64=,40-64=,104
99+69=,99-69=,168
70+75=,70-75=,145
33+92=,33-92=,125
73+17=,73-17=,90
96+1=,96-1=,97
9+28=,9-28=,37
39+96=,39-96=,135
2+60=,2-60=,62
2+46=,2-46=,48
43+24=,43-24=,67
49+47=,49-47=,96
58+36=,58-36=,94
45+81=,45-81=,126
8+90=,8-90=,98
68+6=,68-6=,74
16+7=,16-7=,23
63+67=,63-67=,130
22+26=,22-26=,48
40+91=,40-91=,131
38+9=,38-9=,47
65+78=,65-78=,143
89+10=,89-10=,99
3+34=,3-34=,37
66+44=,66-44=,110
58+93=,58-93=,151
59+19=,59-19=,78
62+48=,62-48=,110
64+88=,64-88=,152
85+47=,85-47=,132
62+64=,62-64=,126
9+91=,9-91=,100
72+31=,72-31=,103
91+11=,91-11=,102
39+22=,39-22=,61
10+71=,10-71=,81
82+97=,82-97=,179
99+44=,99-44=,143
56+84=,56-84=,140
10+90=,10-90=,100
37+41=,37-41=,78
85+66=,85-66=,151
46+78=,46-78=,124
38+85=,38-85=,123
60+55=,60-55=,115
49+2=,49-2=,51
39+89=,39-89=,128
53+68=,53-68=,121
99+4=,99-4=,103
45+42=,45-42=,87
71+78=,71-78=,149
21+71=,21-71=,92
14+49=,14-49=,63
12+11=,12-11=,23
31+70=,31-70=,101
63+18=,63-18=,81
29+41=,29-41=,70
41+52=,41-52=,93
61+74=,61-74=,135
14+49=,14-49=,63
37+63=,37-63=,100
64+41=,64-41=,105
91+34=,91-34=,125
91+10=,91-10=,101
56+55=,56-55=,111
34+17=,34-17=,51
66+2=,66-2=,68
31+95=,31-95=,126
51+76=,51-76=,127
96+85=,96-85=,181
17+41=,17-41=,58
84+31=,84-31=,115
57+19=,57-19=,76
65+5=,65-5=,70
42+47=,42-47=,89
78+20=,78-20=,98
9+60=,9-60=,69
40+87=,40-87=,127
88+49=,88-49=,137
9+58=,9-58=,67
16+74=,16-74=,90
67+57=,67-57=,124
87+37=,87-37=,124
92+78=,92-78=,170
11+59=,11-59=,70
99+23=,99-23=,122
50+79=,50-79=,129
24+94=,24-94=,118
70+76=,70-76=,146
3+59=,3-59=,62
61+78=,61-78=,139
30+90=,30-90=,120
14+70=,14-70=,84
24+49=,24-49=,73
39+66=,39-66=,105
29+29=,29-29=,58
61+14=,61-14=,75
84+40=,84-40=,124
48+32=,48-32=,80
20+60=,20-60=,80
27+9=,27-9=,36
68+73=,68-73=,141
36+56=,36-56=,92
1+47=,1-47=,48
78+8=,78-8=,86
17+57=,17-57=,74
76+62=,76-62=,138
41+98=,41-98=,139
96+33=,96-33=,129
97+47=,97-47=,144
41+61=,41-61=,102
84+50=,84-50=,134
66+41=,66-41=,107
40+28=,40-28=,68
61+62=,61-62=,123
81+82=,81-82=,163
41+64=,41-64=,105
45+19=,45-19=,64
13+36=,13-36=,49
5+31=,5-31=,36
78+15=,78-15=,93
64+40=,64-40=,104
43+22=,43-22=,65
75+85=,75-85=,160
49+63=,49-63=,112
83+86=,83-86=,169
52+44=,52-44=,96
55+28=,55-28=,83
53+94=,53-94=,147
58+55=,58-55=,113
6+64=,6-64=,70
18+11=,18-11=,29
50+7=,50-7=,57
29+95=,29-95=,124
41+44=,41-44=,85
50+19=,50-19=,69
72+11=,72-11=,83
89+15=,89-15=,104
71+25=,71-25=,96
43+42=,43-42=,85
28+54=,28-54=,82
99+23=,99-23=,122
46+73=,46-73=,119
1+22=,1-22=,23
51+42=,51-42=,93
69+46=,69-46=,115
66+62=,66-62=,128
67+38=,67-38=,105
56+20=,56-20=,76
30+1=,30-1=,31
32+98=,32-98=,130
7+92=,7-92=,99
50+63=,50-63=,113
8+99=,8-99=,107
7+68=,7-68=,75
16+57=,16-57=,73
5+51=,5-51=,56
35+69=,35-69=,104
76+42=,76-42=,118
97+76=,97-76=,173
73+16=,73-16=,89
40+52=,40-52=,92
48+80=,48-80=,128
56+91=,56-91=,147
77+56=,77-56=,133
33+68=,33-68=,101
73+95=,73-95=,168
70+77=,70-77=,147
58+17=,58-17=,75
43+84=,43-84=,127
76+49=,76-49=,125
53+28=,53-28=,81
70+60=,70-60=,130
7+72=,7-72=,79
69+6=,69-6=,75
25+36=,25-36=,61
9+13=,9-13=,22
60+65=,60-65=,125
55+4=,55-4=,59
68+43=,68-43=,111
24+65=,24-65=,89
82+66=,82-66=,148
17+4=,17-4=,21
26+22=,26-22=,48
66+48=,66-48=,114
38+74=,38-74=,112
30+24=,30-24=,54
10+19=,10-19=,29
52+90=,52-90=,142
42+78=,42-78=,120
76+22=,76-22=,98
69+13=,69-13=,82
36+80=,36-80=,116
96+58=,96-58=,154
65+50=,65-50=,115
15+75=,15-75=,90
43+53=,43-53=,96
48+71=,48-71=,119
45+65=,45-65=,110
2+71=,2-71=,73
38+25=,38-25=,63
1+74=,1-74=,75
34+59=,34-59=,93
29+80=,29-80=,109
82+43=,82-43=,125
50+43=,50-43=,93
28+51=,28-51=,79
32+48=,32-48=,80
82+49=,82-49=,131
34+67=,34-67=,101
11+66=,11-66=,77
36+64=,36-64=,100
89+31=,89-31=,120
92+58=,92-58=,150
66+7=,66-7=,73
3+22=,3-22=,25
73+83=,73-83=,156
20+56=,20-56=,76
73+99=,73-99=,172
42+84=,42-84=,126
29+70=,29-70=,99
77+65=,77-65=,142
77+83=,77-83=,160
65+63=,65-63=,128
51+89=,51-89=,140
7+70=,7-70=,77
34+75=,34-75=,109
56+8=,56-8=,64
49+14=,49-14=,63
99+58=,99-58=,157
20+29=,20-29=,49
3+93=,3-93=,96
87+80=,87-80=,167
38+25=,38-25=,63
38+2=,38-2=,40
30+97=,30-97=,127
23+49=,23-49=,72
70+20=,70-20=,90
55+69=,55-69=,124
74+77=,74-77=,151
26+20=,26-20=,46
79+71=,79-71=,150
43+34=,43-34=,77
79+34=,79-34=,113
62+65=,62-65=,127
6+33=,6-33=,39
43+46=,43-46=,89
26+48=,26-48=,74
78+75=,78-75=,153
95+1=,95-1=,96
26+84=,26-84=,110
21+87=,21-87=,108
34+46=,34-46=,80
90+46=,90-46=,136
31+35=,31-35=,66
37+85=,37-85=,122
87+86=,87-86=,173
9+12=,9-12=,21
34+3=,34-3=,37
11+43=,11-43=,54
4+54=,4-54=,58
24+43=,24-43=,67
89+28=,89-28=,117
35+69=,35-69=,104
41+92=,41-92=,133
86+76=,86-76=,162
78+50=,78-50=,128
97+20=,97-20=,117
100+4=,100-4=,104
93+66=,93-66=,159
1+76=,1-76=,77
63+87=,63-87=,150
76+15=,76-15=,91
23+77=,23-77=,100
32+50=,32-50=,82
79+39=,79-39=,118
68+49=,68-49=,117
92+25=,92-25=,117
21+54=,21-54=,75
8+35=,8-35=,43
49+96=,49-96=,145
56+95=,56-95=,151
65+18=,65-18=,83
47+56=,47-56=,103
94+38=,94-38=,132
76+3=,76-3=,79
13+4=,13-4=,17
22+89=,22-89=,111
48+79=,48-79=,127
30+34=,30-34=,64
68+69=,68-69=,137
53+86=,53-86=,139
74+54=,74-54=,128
40+47=,40-47=,87
100+55=,100-55=,155
33+80=,33-80=,113
84+35=,84-35=,119
48+47=,48-47=,95
18+69=,18-69=,87
70+64=,70-64=,134
27+60=,27-60=,87
77+54=,77-54=,131
81+3=,81-3=,84
100+94=,100-94=,194
55+61=,55-61=,116
89+82=,89-82=,171
8+24=,8-24=,32
79+51=,79-51=,130
52+7=,52-7=,59
94+8=,94-8=,102
64+64=,64-64=,128
67+6=,67-6=,73
36+36=,36-36=,72
16+91=,16-91=,107
82+73=,82-73=,155
68+62=,68-62=,130
5+32=,5-32=,37
77+27=,77-27=,104
63+72=,63-72=,135
56+65=,56-65=,121
4+55=,4-55=,59
28+100=,28-100=,128
61+98=,61-98=,159
28+35=,28-35=,63
70+71=,70-71=,141
6+76=,6-76=,82
53+94=,53-94=,147
96+72=,96-72=,168
11+15=,11-15=,26
2+98=,2-98=,100
42+17=,42-17=,59
67+69=,67-69=,136
47+35=,47-35=,82
2+71=,2-71=,73
12+58=,12-58=,70
29+51=,29-51=,80
69+13=,69-13=,82
39+76=,39-76=,115
76+61=,76-61=,137
87+85=,87-85=,172
12+23=,12-23=,35
44+34=,44-34=,78
93+9=,93-9=,102
34+46=,34-46=,80
17+87=,17-87=,104
10+13=,10-13=,23
56+56=,56-56=,112
47+75=,47-75=,122
80+3=,80-3=,83
9+79=,9-79=,88
83+23=,83-23=,106
1+20=,1-20=,21
38+48=,38-48=,86
20+2=,20-2=,22
2+29=,2-29=,31
64+55=,64-55=,119
4+74=,4-74=,78
22+37=,22-37=,59
52+84=,52-84=,136
23+2=,23-2=,25
60+46=,60-46=,106
83+59=,83-59=,142
21+100=,21-100=,121
92+96=,92-96=,188
83+89=,83-89=,172
38+73=,38-73=,111
14+72=,14-72=,86
36+26=,36-26=,62
22+75=,22-75=,97
27+6=,27-6=,33
11+100=,11-100=,111
75+87=,75-87=,162
97+76=,97-76=,173
68+55=,68-55=,123
81+53=,81-53=,134
54+97=,54-97=,151
90+58=,90-58=,148
66+56=,66-56=,122
79+40=,79-40=,119
34+24=,34-24=,58
78+80=,78-80=,158
95+82=,95-82=,177
81+72=,81-72=,153
86+18=,86-18=,104
7+95=,7-95=,102
94+87=,94-87=,181
8+68=,8-68=,76
34+98=,34-98=,132
66+65=,66-65=,131
76+74=,76-74=,150
57+100=,57-100=,157
12+98=,12-98=,110
19+100=,19-100=,119
55+90=,55-90=,145
100+20=,100-20=,120
97+100=,97-100=,197
41+15=,41-15=,56
97+91=,97-91=,188
66+100=,66-100=,166
84+97=,84-97=,181
15+53=,15-53=,68
4+28=,4-28=,32
15+99=,15-99=,114
95+64=,95-64=,159
18+7=,18-7=,25
24+45=,24-45=,69
83+10=,83-10=,93
97+70=,97-70=,167
98+9=,98-9=,107
10+86=,10-86=,96
28+74=,28-74=,102
1+70=,1-70=,71
79+69=,79-69=,148
13+2=,13-2=,15
65+78=,65-78=,143
77+90=,77-90=,167
3+17=,3-17=,20
82+98=,82-98=,180
12+19=,12-19=,31
21+79=,21-79=,100
86+24=,86-24=,110
90+41=,90-41=,131
100+35=,100-35=,135
25+17=,25-17=,42
75+79=,75-79=,154
74+71=,74-71=,145
44+48=,44-48=,92
64+15=,64-15=,79
54+77=,54-77=,131
69+28=,69-28=,97
46+48=,46-48=,94
98+54=,98-54=,152
87+63=,87-63=,150
43+97=,43-97=,140
99+78=,99-78=,177
12+22=,12-22=,34
22+99=,22-99=,121
57+74=,57-74=,131
33+40=,33-40=,73
26+24=,26-24=,50
17+62=,17-62=,79
62+65=,62-65=,127
4+94=,4-94=,98
50+34=,50-34=,84
44+18=,44-18=,62
12+68=,12-68=,80
83+49=,83-49=,132
87+84=,87-84=,171
74+99=,74-99=,173
27+95=,27-95=,122
88+78=,88-78=,166
35+56=,35-56=,91
15+67=,15-67=,82
12+60=,12-60=,72
40+54=,40-54=,94
54+27=,54-27=,81
74+23=,74-23=,97
34+57=,34-57=,91
67+1=,67-1=,68
4+89=,4-89=,93
3+69=,3-69=,72
64+49=,64-49=,113
51+90=,51-90=,141
80+51=,80-51=,131
33+89=,33-89=,122
26+62=,26-62=,88
60+59=,60-59=,119
40+61=,40-61=,101
20+86=,20-86=,106
67+5=,67-5=,72
58+1=,58-1=,59
85+70=,85-70=,155
100+82=,100-82=,182
11+41=,11-41=,52
75+36=,75-36=,111
4+81=,4-81=,85
27+66=,27-66=,93
60+52=,60-52=,112
75+75=,75-75=,150
83+32=,83-32=,115
63+71=,63-71=,134
47+75=,47-75=,122
40+38=,40-38=,78
78+6=,78-6=,84
8+94=,8-94=,102
96+85=,96-85=,181
65+31=,65-31=,96
13+63=,13-63=,76
52+49=,52-49=,101
22+59=,22-59=,81
56+29=,56-29=,85
65+83=,65-83=,148
84+12=,84-12=,96
84+26=,84-26=,110
53+52=,53-52=,105
84+92=,84-92=,176
50+22=,50-22=,72
88+89=,88-89=,177
4+97=,4-97=,101
71+26=,71-26=,97
82+97=,82-97=,179
12+78=,12-78=,90
74+69=,74-69=,143
65+89=,65-89=,154
27+77=,27-77=,104
13+56=,13-56=,69
16+38=,16-38=,54
81+60=,81-60=,141
32+25=,32-25=,57
58+11=,58-11=,69
38+43=,38-43=,81
96+89=,96-89=,185
82+27=,82-27=,109
71+29=,71-29=,100
65+54=,65-54=,119
68+19=,68-19=,87
64+29=,64-29=,93
81+40=,81-40=,121
80+96=,80-96=,176
38+92=,38-92=,130
53+56=,53-56=,109
66+55=,66-55=,121
55+84=,55-84=,139
87+98=,87-98=,185
2+25=,2-25=,27
59+18=,59-18=,77
39+87=,39-87=,126
55+28=,55-28=,83
35+29=,35-29=,64
75+87=,75-87=,162
86+78=,86-78=,164
78+90=,78-90=,168
13+27=,13-27=,40
95+97=,95-97=,192
2+45=,2-45=,47
12+64=,12-64=,76
89+83=,89-83=,172
35+87=,35-87=,122
83+82=,83-82=,165
36+21=,36-21=,57
57+72=,57-72=,129
88+99=,88-99=,187
97+88=,97-88=,185
57+31=,57-31=,88
14+26=,14-26=,40
39+11=,39-11=,50
87+42=,87-42=,129
59+40=,59-40=,99
53+81=,53-81=,134
53+75=,53-75=,128
2+25=,2-25=,27
90+16=,90-16=,106
79+88=,79-88=,167
6+23=,6-23=,29
95+97=,95-97=,192
14+96=,14-96=,110
18+15=,18-15=,33
20+85=,20-85=,105
77+100=,77-100=,177
28+70=,28-70=,98
50+32=,50-32=,82
15+45=,15-45=,60
73+31=,73-31=,104
16+32=,16-32=,48
98+78=,98-78=,176
38+76=,38-76=,114
22+34=,22-34=,56
49+79=,49-79=,128
6+94=,6-94=,100
100+77=,100-77=,177
92+31=,92-31=,123
87+61=,87-61=,148
90+100=,90-100=,190
51+65=,51-65=,116
14+100=,14-100=,114
60+66=,60-66=,126
95+48=,95-48=,143
70+81=,70-81=,151
6+6=,6-6=,12
57+15=,57-15=,72
99+70=,99-70=,169
13+88=,13-88=,101
44+66=,44-66=,110
8+42=,8-42=,50
78+88=,78-88=,166
15+58=,15-58=,73
72+23=,72-23=,95
6+35=,6-35=,41
65+28=,65-28=,93
51+5=,51-5=,56
44+7=,44-7=,51
9+49=,9-49=,58
100+6=,100-6=,106
65+42=,65-42=,107
60+84=,60-84=,144
74+34=,74-34=,108
18+71=,18-71=,89
94+91=,94-91=,185
84+81=,84-81=,165
33+23=,33-23=,56
80+7=,80-7=,87
63+35=,63-35=,98
59+81=,59-81=,140
34+37=,34-37=,71
8+23=,8-23=,31
93+58=,93-58=,151
23+97=,23-97=,120
61+72=,61-72=,133
13+2=,13-2=,15
9+7=,9-7=,16
46+22=,46-22=,68
91+66=,91-66=,157
20+12=,20-12=,32
50+19=,50-19=,69
65+79=,65-79=,144
80+76=,80-76=,156
66+89=,66-89=,155
69+60=,69-60=,129
61+73=,61-73=,134
26+3=,26-3=,29
93+37=,93-37=,130
31+91=,31-91=,122
48+51=,48-51=,99
60+87=,60-87=,147
44+61=,44-61=,105
6+60=,6-60=,66
72+19=,72-19=,91
53+68=,53-68=,121
27+85=,27-85=,112
20+97=,20-97=,117
11+82=,11-82=,93
82+66=,82-66=,148
92+12=,92-12=,104
63+56=,63-56=,119
3+81=,3-81=,84
90+80=,90-80=,170
39+53=,39-53=,92
66+82=,66-82=,148
82+56=,82-56=,138
7+72=,7-72=,79
67+16=,67-16=,83
51+25=,51-25=,76
58+72=,58-72=,130
3+34=,3-34=,37
44+69=,44-69=,113
44+40=,44-40=,84
96+80=,96-80=,176
75+11=,75-11=,86
6+8=,6-8=,14
79+6=,79-6=,85
25+53=,25-53=,78
36+49=,36-49=,85
2+87=,2-87=,89
6+34=,6-34=,40
47+77=,47-77=,124
90+35=,90-35=,125
80+87=,80-87=,167
64+13=,64-13=,77
75+60=,75-60=,135
10+46=,10-46=,56
53+58=,53-58=,111
66+55=,66-55=,121
57+50=,57-50=,107
2+22=,2-22=,24
99+21=,99-21=,120
5+70=,5-70=,75
88+24=,88-24=,112
32+24=,32-24=,56
3+100=,3-100=,103
45+42=,45-42=,87
85+72=,85-72=,157
38+91=,38-91=,129
19+69=,19-69=,88
35+77=,35-77=,112
19+38=,19-38=,57
64+85=,64-85=,149
18+7=,18-7=,25
57+96=,57-96=,153
51+81=,51-81=,132
32+12=,32-12=,44
27+28=,27-28=,55
77+52=,77-52=,129
69+49=,69-49=,118
10+76=,10-76=,86
20+32=,20-32=,52
76+13=,76-13=,89
16+75=,16-75=,91
44+54=,44-54=,98
68+1=,68-1=,69
54+83=,54-83=,137
13+100=,13-100=,113
72+41=,72-41=,113
75+37=,75-37=,112
39+48=,39-48=,87
59+81=,59-81=,140
79+11=,79-11=,90
78+28=,78-28=,106
87+74=,87-74=,161
93+73=,93-73=,166
17+67=,17-67=,84
83+15=,83-15=,98
86+97=,86-97=,183
99+84=,99-84=,183
89+14=,89-14=,103
40+20=,40-20=,60
37+38=,37-38=,75
61+28=,61-28=,89
86+40=,86-40=,126
98+22=,98-22=,120
98+70=,98-70=,168
97+100=,97-100=,197
39+48=,39-48=,87
44+34=,44-34=,78
54+91=,54-91=,145
83+26=,83-26=,109
73+99=,73-99=,172
49+54=,49-54=,103
89+21=,89-21=,110
59+99=,59-99=,158
34+91=,34-91=,125
58+91=,58-91=,149
74+25=,74-25=,99
42+19=,42-19=,61
70+100=,70-100=,170
44+41=,44-41=,85
68+46=,68-46=,114
54+62=,54-62=,116
25+14=,25-14=,39
40+95=,40-95=,135
71+65=,71-65=,136
47+11=,47-11=,58
31+48=,31-48=,79
91+97=,91-97=,188
88+74=,88-74=,162
40+14=,40-14=,54
34+89=,34-89=,123
28+52=,28-52=,80
91+83=,91-83=,174
10+96=,10-96=,106
47+26=,47-26=,73
46+6=,46-6=,52
83+99=,83-99=,182
4+36=,4-36=,40
44+81=,44-81=,125
73+30=,73-30=,103
14+47=,14-47=,61
61+2=,61-2=,63
33+9=,33-9=,42
55+91=,55-91=,146
89+56=,89-56=,145
24+62=,24-62=,86
52+96=,52-96=,148
36+34=,36-34=,70
34+6=,34-6=,40
46+61=,46-61=,107
61+28=,61-28=,89
20+85=,20-85=,105
31+50=,31-50=,81
39+42=,39-42=,81
53+11=,53-11=,64
32+83=,32-83=,115
47+56=,47-56=,103
47+25=,47-25=,72
39+9=,39-9=,48
58+33=,58-33=,91
70+49=,70-49=,119
30+22=,30-22=,52
66+21=,66-21=,87
60+89=,60-89=,149
73+93=,73-93=,166
58+19=,58-19=,77
17+79=,17-79=,96
41+37=,41-37=,78
24+13=,24-13=,37
30+10=,30-10=,40
59+4=,59-4=,63
98+12=,98-12=,110
7+41=,7-41=,48
22+29=,22-29=,51
54+2=,54-2=,56
19+96=,19-96=,115
66+73=,66-73=,139
98+19=,98-19=,117
86+63=,86-63=,149
36+66=,36-66=,102
33+57=,33-57=,90
49+27=,49-27=,76
3+26=,3-26=,29
39+37=,39-37=,76
28+47=,28-47=,75
64+78=,64-78=,142
24+96=,24-96=,120
75+94=,75-94=,169
3+2=,3-2=,5
20+58=,20-58=,78
8+4=,8-4=,12
77+81=,77-81=,158
69+51=,69-51=,120
65+54=,65-54=,119
15+39=,15-39=,54
98+9=,98-9=,107
70+82=,70-82=,152
5+47=,5-47=,52
28+76=,28-76=,104
51+49=,51-49=,100
53+72=,53-72=,125
6+67=,6-67=,73
79+56=,79-56=,135
85+70=,85-70=,155
83+14=,83-14=,97
100+22=,100-22=,122
43+6=,43-6=,49
91+38=,91-38=,129
75+9=,75-9=,84
9+42=,9-42=,51
13+83=,13-83=,96
34+88=,34-88=,122
32+94=,32-94=,126
83+92=,83-92=,175
84+34=,84-34=,118
94+68=,94-68=,162
43+87=,43-87=,130
64+5=,64-5=,69
12+88=,12-88=,100
36+19=,36-19=,55
96+36=,96-36=,132
53+53=,53-53=,106
24+37=,24-37=,61
65+67=,65-67=,132
58+82=,58-82=,140
32+54=,32-54=,86
48+73=,48-73=,121
43+66=,43-66=,109
41+42=,41-42=,83
32+89=,32-89=,121
90+84=,90-84=,174
41+33=,41-33=,74
48+97=,48-97=,145
64+40=,64-40=,104
50+46=,50-46=,96
35+73=,35-73=,108
100+66=,100-66=,166
8+80=,8-80=,88
22+7=,22-7=,29
26+13=,26-13=,39
85+95=,85-95=,180
13+71=,13-71=,84
15+70=,15-70=,85
2+37=,2-37=,39
1+30=,1-30=,31
36+25=,36-25=,61
85+81=,85-81=,166
52+62=,52-62=,114
83+68=,83-68=,151
38+89=,38-89=,127
8+92=,8-92=,100
22+82=,22-82=,104
85+67=,85-67=,152
3+25=,3-25=,28
93+63=,93-63=,156
98+75=,98-75=,173
38+48=,38-48=,86
7+37=,7-37=,44
99+66=,99-66=,165
51+20=,51-20=,71
66+49=,66-49=,115
30+82=,30-82=,112
1+89=,1-89=,90
53+14=,53-14=,67
19+96=,19-96=,115
39+81=,39-81=,120
32+54=,32-54=,86
68+87=,68-87=,155
17+71=,17-71=,88
25+56=,25-56=,81
80+3=,80-3=,83
31+43=,31-43=,74
21+42=,21-42=,63
45+48=,45-48=,93
62+21=,62-21=,83
52+69=,52-69=,121
56+1=,56-1=,57
27+9=,27-9=,36
75+19=,75-19=,94
93+71=,93-71=,164
51+66=,51-66=,117
87+37=,87-37=,124
84+5=,84-5=,89
45+9=,45-9=,54
72+20=,72-20=,92
34+69=,34-69=,103
48+12=,48-12=,60
37+75=,37-75=,112
43+44=,43-44=,87
86+32=,86-32=,118
92+19=,92-19=,111
67+56=,67-56=,123
95+41=,95-41=,136
43+64=,43-64=,107
79+33=,79-33=,112
17+97=,17-97=,114
17+25=,17-25=,42
45+99=,45-99=,144
19+67=,19-67=,86
7+36=,7-36=,43
9+35=,9-35=,44
65+51=,65-51=,116
100+20=,100-20=,120
18+24=,18-24=,42
21+45=,21-45=,66
11+39=,11-39=,50
93+42=,93-42=,135
51+70=,51-70=,121
69+69=,69-69=,138
96+17=,96-17=,113
69+96=,69-96=,165
85+77=,85-77=,162
80+41=,80-41=,121
84+69=,84-69=,153
75+94=,75-94=,169
13+70=,13-70=,83
85+4=,85-4=,89
78+35=,78-35=,113
63+8=,63-8=,71
58+50=,58-50=,108
7+15=,7-15=,22
55+90=,55-90=,145
66+79=,66-79=,145
39+6=,39-6=,45
28+40=,28-40=,68
94+24=,94-24=,118
70+25=,70-25=,95
14+61=,14-61=,75
81+74=,81-74=,155
99+59=,99-59=,158
92+64=,92-64=,156
37+68=,37-68=,105
37+2=,37-2=,39
5+39=,5-39=,44
17+77=,17-77=,94
81+80=,81-80=,161
6+100=,6-100=,106
45+64=,45-64=,109
23+30=,23-30=,53
91+41=,91-41=,132
38+44=,38-44=,82
49+54=,49-54=,103
53+37=,53-37=,90
48+63=,48-63=,111
4+98=,4-98=,102
99+62=,99-62=,161
2+80=,2-80=,82
88+20=,88-20=,108
30+60=,30-60=,90
83+98=,83-98=,181
99+54=,99-54=,153
44+46=,44-46=,90
36+15=,36-15=,51
100+64=,100-64=,164
44+99=,44-99=,143
29+12=,29-12=,41
82+52=,82-52=,134
31+40=,31-40=,71
78+22=,78-22=,100
2+45=,2-45=,47
74+13=,74-13=,87
29+53=,29-53=,82
68+52=,68-52=,120
89+9=,89-9=,98
4+34=,4-34=,38
56+98=,56-98=,154
16+63=,16-63=,79
36+26=,36-26=,62
9+57=,9-57=,66
2+54=,2-54=,56
12+58=,12-58=,70
59+7=,59-7=,66
55+53=,55-53=,108
16+41=,16-41=,57
77+73=,77-73=,150
9+53=,9-53=,62
73+65=,73-65=,138
20+29=,20-29=,49
58+88=,58-88=,146
43+3=,43-3=,46
46+82=,46-82=,128
58+87=,58-87=,145
67+49=,67-49=,116
55+40=,55-40=,95
48+99=,48-99=,147
10+15=,10-15=,25
53+7=,53-7=,60
46+20=,46-20=,66
44+86=,44-86=,130
31+75=,31-75=,106
88+39=,88-39=,127
2+65=,2-65=,67
51+20=,51-20=,71
8+96=,8-96=,104
55+81=,55-81=,136
2+82=,2-82=,84
1+70=,1-70=,71
66+84=,66-84=,150
44+56=,44-56=,100
11+5=,11-5=,16
73+96=,73-96=,169
47+83=,47-83=,130
20+63=,20-63=,83
11+77=,11-77=,88
98+6=,98-6=,104
7+37=,7-37=,44
49+74=,49-74=,123
20+86=,20-86=,106
70+100=,70-100=,170
16+70=,16-70=,86
93+89=,93-89=,182
44+29=,44-29=,73
1+88=,1-88=,89
56+93=,56-93=,149
22+43=,22-43=,65
6+44=,6-44=,50
72+83=,72-83=,155
37+80=,37-80=,117
66+42=,66-42=,108
69+14=,69-14=,83
53+65=,53-65=,118
49+93=,49-93=,142
41+13=,41-13=,54
34+41=,34-41=,75
66+42=,66-42=,108
6+89=,6-89=,95
42+93=,42-93=,135
71+79=,71-79=,150
10+37=,10-37=,47
57+23=,57-23=,80
98+51=,98-51=,149
8+47=,8-47=,55
7+21=,7-21=,28
67+37=,67-37=,104
92+73=,92-73=,165
93+99=,93-99=,192
97+100=,97-100=,197
10+81=,10-81=,91
100+32=,100-32=,132
22+23=,22-23=,45
43+41=,43-41=,84
60+96=,60-96=,156
76+57=,76-57=,133
93+73=,93-73=,166
23+88=,23-88=,111
45+88=,45-88=,133
30+83=,30-83=,113
46+58=,46-58=,104
95+49=,95-49=,144
87+56=,87-56=,143
26+73=,26-73=,99
25+62=,25-62=,87
34+29=,34-29=,63
83+36=,83-36=,119
42+10=,42-10=,52
36+12=,36-12=,48
3+46=,3-46=,49
82+24=,82-24=,106
65+71=,65-71=,136
7+76=,7-76=,83
20+48=,20-48=,68
32+50=,32-50=,82
59+56=,59-56=,115
66+55=,66-55=,121
83+98=,83-98=,181
59+30=,59-30=,89
99+5=,99-5=,104
32+25=,32-25=,57
83+82=,83-82=,165
68+14=,68-14=,82
34+22=,34-22=,56
69+97=,69-97=,166
16+60=,16-60=,76
17+24=,17-24=,41
71+39=,71-39=,110
54+55=,54-55=,109
77+10=,77-10=,87
28+25=,28-25=,53
71+100=,71-100=,171
31+18=,31-18=,49
45+93=,45-93=,138
53+9=,53-9=,62
98+13=,98-13=,111
33+47=,33-47=,80
67+47=,67-47=,114
86+22=,86-22=,108
7+48=,7-48=,55
13+21=,13-21=,34
91+46=,91-46=,137
87+92=,87-92=,179
81+37=,81-37=,118
11+55=,11-55=,66
10+13=,10-13=,23
35+88=,35-88=,123
63+95=,63-95=,158
53+88=,53-88=,141
50+81=,50-81=,131
14+58=,14-58=,72
6+64=,6-64=,70
41+61=,41-61=,102
10+85=,10-85=,95
48+91=,48-91=,139
78+80=,78-80=,158
60+10=,60-10=,70
82+42=,82-42=,124
17+16=,17-16=,33
39+15=,39-15=,54
83+56=,83-56=,139
41+93=,41-93=,134
19+48=,19-48=,67
62+29=,62-29=,91
22+28=,22-28=,50
70+81=,70-81=,151
6+16=,6-16=,22
68+9=,68-9=,77
51+38=,51-38=,89
32+31=,32-31=,63
42+88=,42-88=,130
35+27=,35-27=,62
100+19=,100-19=,119
44+45=,44-45=,89
90+68=,90-68=,158
42+82=,42-82=,124
9+31=,9-31=,40
57+26=,57-26=,83
54+51=,54-51=,105
92+76=,92-76=,168
1+96=,1-96=,97
67+59=,67-59=,126
95+19=,95-19=,114
72+78=,72-78=,150
53+55=,53-55=,108
69+20=,69-20=,89
74+70=,74-70=,144
13+46=,13-46=,59
34+19=,34-19=,53
77+72=,77-72=,149
8+10=,8-10=,18
22+85=,22-85=,107
61+35=,61-35=,96
60+39=,60-39=,99
77+78=,77-78=,155
24+19=,24-19=,43
32+85=,32-85=,117
93+48=,93-48=,141
16+35=,16-35=,51
24+19=,24-19=,43
55+56=,55-56=,111
33+75=,33-75=,108
84+6=,84-6=,90
66+50=,66-50=,116
29+76=,29-76=,105
59+48=,59-48=,107
69+3=,69-3=,72
53+100=,53-100=,153
98+50=,98-50=,148
64+65=,64-65=,129
1+87=,1-87=,88
22+94=,22-94=,116
36+39=,36-39=,75
1+32=,1-32=,33
57+5=,57-5=,62
55+7=,55-7=,62
20+37=,20-37=,57
30+74=,30-74=,104
82+29=,82-29=,111
35+49=,35-49=,84
50+32=,50-32=,82
5+15=,5-15=,20
12+31=,12-31=,43
93+94=,93-94=,187
15+34=,15-34=,49
60+56=,60-56=,116
27+47=,27-47=,74
26+7=,26-7=,33
90+37=,90-37=,127
36+90=,36-90=,126
82+43=,82-43=,125
13+93=,13-93=,106
6+65=,6-65=,71
78+45=,78-45=,123
38+96=,38-96=,134
37+40=,37-40=,77
91+97=,91-97=,188
97+96=,97-96=,193
46+24=,46-24=,70
23+40=,23-40=,63
32+81=,32-81=,113
26+90=,26-90=,116
16+40=,16-40=,56
100+85=,100-85=,185
86+56=,86-56=,142
90+34=,90-34=,124
98+4=,98-4=,102
83+86=,83-86=,169
80+45=,80-45=,125
3+41=,3-41=,44
23+16=,23-16=,39
74+21=,74-21=,95
67+96=,67-96=,163
39+83=,39-83=,122
28+73=,28-73=,101
40+61=,40-61=,101
47+83=,47-83=,130
95+17=,95-17=,112
62+49=,62-49=,111
63+8=,63-8=,71
75+39=,75-39=,114
41+95=,41-95=,136
31+26=,31-26=,57
45+99=,45-99=,144
33+52=,33-52=,85
64+73=,64-73=,137
31+9=,31-9=,40
9+3=,9-3=,12
22+3=,22-3=,25
59+88=,59-88=,147
88+93=,88-93=,181
26+52=,26-52=,78
58+51=,58-51=,109
59+8=,59-8=,67
81+93=,81-93=,174
35+81=,35-81=,116
67+89=,67-89=,156
6+33=,6-33=,39
55+11=,55-11=,66
2+44=,2-44=,46
14+31=,14-31=,45
35+36=,35-36=,71
28+7=,28-7=,35
23+82=,23-82=,105
82+42=,82-42=,124
34+51=,34-51=,85
58+55=,58-55=,113
37+5=,37-5=,42
62+21=,62-21=,83
91+50=,91-50=,141
17+40=,17-40=,57
35+47=,35-47=,82
38+68=,38-68=,106
57+33=,57-33=,90
15+35=,15-35=,50
96+32=,96-32=,128
96+69=,96-69=,165
69+39=,69-39=,108
49+53=,49-53=,102
64+55=,64-55=,119
85+62=,85-62=,147
57+31=,57-31=,88
47+97=,47-97=,144
92+60=,92-60=,152
18+84=,18-84=,102
4+33=,4-33=,37
25+55=,25-55=,80
6+11=,6-11=,17
75+59=,75-59=,134
100+23=,100-23=,123
15+75=,15-75=,90
31+57=,31-57=,88
97+71=,97-71=,168
38+94=,38-94=,132
11+21=,11-21=,32
1+41=,1-41=,42
52+95=,52-95=,147
9+61=,9-61=,70
78+64=,78-64=,142
76+73=,76-73=,149
56+61=,56-61=,117
39+85=,39-85=,124
64+60=,64-60=,124
41+42=,41-42=,83
61+86=,61-86=,147
22+11=,22-11=,33
59+2=,59-2=,61
73+15=,73-15=,88
99+19=,99-19=,118
44+17=,44-17=,61
48+95=,48-95=,143
98+87=,98-87=,185
20+87=,20-87=,107
60+60=,60-60=,120
46+19=,46-19=,65
70+79=,70-79=,149
23+50=,23-50=,73
90+66=,90-66=,156
24+12=,24-12=,36
26+43=,26-43=,69
83+98=,83-98=,181
17+85=,17-85=,102
8+5=,8-5=,13
65+42=,65-42=,107
14+10=,14-10=,24
14+98=,14-98=,112
69+37=,69-37=,106
52+16=,52-16=,68
52+90=,52-90=,142
16+85=,16-85=,101
90+55=,90-55=,145
27+75=,27-75=,102
43+74=,43-74=,117
67+67=,67-67=,134
21+23=,21-23=,44
31+22=,31-22=,53
50+5=,50-5=,55
72+71=,72-71=,143
38+55=,38-55=,93
18+39=,18-39=,57
67+35=,67-35=,102
29+7=,29-7=,36
64+14=,64-14=,78
52+44=,52-44=,96
39+15=,39-15=,54
61+59=,61-59=,120
87+45=,87-45=,132
99+98=,99-98=,197
58+79=,58-79=,137
2+24=,2-24=,26
93+84=,93-84=,177
47+33=,47-33=,80
30+85=,30-85=,115
86+41=,86-41=,127
97+91=,97-91=,188
76+3=,76-3=,79
21+45=,21-45=,66
13+4=,13-4=,17
89+16=,89-16=,105
64+49=,64-49=,113
74+89=,74-89=,163
8+77=,8-77=,85
7+46=,7-46=,53
32+78=,32-78=,110
45+75=,45-75=,120
34+98=,34-98=,132
91+87=,91-87=,178
77+96=,77-96=,173
37+96=,37-96=,133
64+32=,64-32=,96
72+83=,72-83=,155
79+44=,79-44=,123
89+52=,89-52=,141
55+27=,55-27=,82
63+37=,63-37=,100
44+17=,44-17=,61
96+78=,96-78=,174
79+84=,79-84=,163
24+92=,24-92=,116
4+19=,4-19=,23
74+10=,74-10=,84
34+39=,34-39=,73
27+73=,27-73=,100
28+2=,28-2=,30
82+74=,82-74=,156
84+1=,84-1=,85
41+2=,41-2=,43
71+2=,71-2=,73
99+18=,99-18=,117
100+44=,100-44=,144
28+11=,28-11=,39
16+5=,16-5=,21
77+12=,77-12=,89
31+77=,31-77=,108
24+3=,24-3=,27
75+62=,75-62=,137
97+73=,97-73=,170
85+73=,85-73=,158
59+49=,59-49=,108
28+78=,28-78=,106
65+84=,65-84=,149
57+10=,57-10=,67
19+80=,19-80=,99
57+65=,57-65=,122
3+98=,3-98=,101
81+22=,81-22=,103
99+71=,99-71=,170
82+56=,82-56=,138
62+52=,62-52=,114
98+79=,98-79=,177
17+64=,17-64=,81
65+9=,65-9=,74
14+22=,14-22=,36
23+85=,23-85=,108
69+86=,69-86=,155
53+93=,53-93=,146
5+96=,5-96=,101
11+35=,11-35=,46
11+43=,11-43=,54
78+87=,78-87=,165
14+100=,14-100=,114
98+36=,98-36=,134
1+47=,1-47=,48
100+47=,100-47=,147
43+35=,43-35=,78
79+32=,79-32=,111
50+2=,50-2=,52
46+34=,46-34=,80
91+1=,91-1=,92
85+56=,85-56=,141
42+17=,42-17=,59
41+78=,41-78=,119
7+100=,7-100=,107
36+41=,36-41=,77
75+83=,75-83=,158
43+71=,43-71=,114
27+33=,27-33=,60
79+27=,79-27=,106
23+37=,23-37=,60
60+51=,60-51=,111
85+40=,85-40=,125
57+64=,57-64=,121
30+16=,30-16=,46
14+5=,14-5=,19
65+45=,65-45=,110
21+37=,21-37=,58
100+21=,100-21=,121
38+84=,38-84=,122
13+21=,13-21=,34
22+71=,22-71=,93
31+17=,31-17=,48
82+97=,82-97=,179
14+20=,14-20=,34
8+15=,8-15=,23
53+61=,53-61=,114
21+43=,21-43=,64
77+56=,77-56=,133
18+7=,18-7=,25
28+82=,28-82=,110
23+44=,23-44=,67
7+51=,7-51=,58
77+64=,77-64=,141
71+16=,71-16=,87
84+23=,84-23=,107
34+11=,34-11=,45
54+35=,54-35=,89
10+24=,10-24=,34
96+80=,96-80=,176
77+28=,77-28=,105
11+15=,11-15=,26
82+39=,82-39=,121
49+33=,49-33=,82
83+71=,83-71=,154
80+13=,80-13=,93
37+85=,37-85=,122
77+1=,77-1=,78
68+28=,68-28=,96
93+11=,93-11=,104
98+84=,98-84=,182
72+20=,72-20=,92
29+11=,29-11=,40
93+9=,93-9=,102
59+60=,59-60=,119
60+43=,60-43=,103
58+58=,58-58=,116
29+47=,29-47=,76
42+33=,42-33=,75
71+92=,71-92=,163
76+87=,76-87=,163
45+99=,45-99=,144
18+59=,18-59=,77
77+19=,77-19=,96
53+73=,53-73=,126
36+7=,36-7=,43
59+100=,59-100=,159
62+75=,62-75=,137
47+90=,47-90=,137
99+46=,99-46=,145
86+42=,86-42=,128
71+12=,71-12=,83
39+25=,39-25=,64
53+2=,53-2=,55
26+94=,26-94=,120
89+65=,89-65=,154
84+47=,84-47=,131
56+98=,56-98=,154
85+37=,85-37=,122
9+63=,9-63=,72
46+83=,46-83=,129
9+71=,9-71=,80
59+10=,59-10=,69
69+56=,69-56=,125
20+89=,20-89=,109
96+37=,96-37=,133
1+40=,1-40=,41
81+58=,81-58=,139
69+96=,69-96=,165
61+36=,61-36=,97
8+70=,8-70=,78
84+4=,84-4=,88
86+47=,86-47=,133
49+87=,49-87=,136
85+21=,85-21=,106
89+54=,89-54=,143
73+10=,73-10=,83
92+62=,92-62=,154
71+5=,71-5=,76
63+43=,63-43=,106
27+76=,27-76=,103
13+79=,13-79=,92
76+40=,76-40=,116
45+44=,45-44=,89
34+56=,34-56=,90
48+91=,48-91=,139
3+40=,3-40=,43
30+56=,30-56=,86
62+84=,62-84=,146
58+1=,58-1=,59
92+39=,92-39=,131
51+64=,51-64=,115
91+75=,91-75=,166
1+92=,1-92=,93
47+85=,47-85=,132
47+27=,47-27=,74
40+35=,40-35=,75
80+96=,80-96=,176
36+20=,36-20=,56
99+99=,99-99=,198
38+6=,38-6=,44
7+59=,7-59=,66
51+90=,51-90=,141
58+38=,58-38=,96
31+25=,31-25=,56
33+8=,33-8=,41
66+22=,66-22=,88
84+33=,84-33=,117
64+59=,64-59=,123
2+24=,2-24=,26
29+61=,29-61=,90
89+80=,89-80=,169
28+33=,28-33=,61
98+55=,98-55=,153
34+88=,34-88=,122
57+94=,57-94=,151
66+69=,66-69=,135
80+76=,80-76=,156
34+13=,34-13=,47
35+43=,35-43=,78
1+56=,1-56=,57
4+31=,4-31=,35
38+78=,38-78=,116
24+54=,24-54=,78
95+20=,95-20=,115
42+16=,42-16=,58
78+69=,78-69=,147
80+60=,80-60=,140
50+83=,50-83=,133
42+77=,42-77=,119
57+51=,57-51=,108
30+1=,30-1=,31
14+77=,14-77=,91
62+36=,62-36=,98
24+9=,24-9=,33
65+85=,65-85=,150
85+55=,85-55=,140
36+30=,36-30=,66
71+1=,71-1=,72
80+48=,80-48=,128
96+2=,96-2=,98
36+68=,36-68=,104
78+94=,78-94=,172
66+56=,66-56=,122
40+50=,40-50=,90
33+12=,33-12=,45
44+34=,44-34=,78
77+63=,77-63=,140
28+43=,28-43=,71
33+31=,33-31=,64
14+15=,14-15=,29
39+49=,39-49=,88
96+86=,96-86=,182
90+40=,90-40=,130
59+60=,59-60=,119
82+64=,82-64=,146
81+9=,81-9=,90
75+96=,75-96=,171
75+8=,75-8=,83
99+27=,99-27=,126
11+79=,11-79=,90
73+16=,73-16=,89
53+31=,53-31=,84
42+27=,42-27=,69
27+15=,27-15=,42
46+4=,46-4=,50
96+22=,96-22=,118
72+85=,72-85=,157
55+38=,55-38=,93
92+38=,92-38=,130
50+19=,50-19=,69
55+10=,55-10=,65
84+40=,84-40=,124
28+8=,28-8=,36
49+49=,49-49=,98
48+39=,48-39=,87
72+1=,72-1=,73
21+36=,21-36=,57
44+2=,44-2=,46
86+81=,86-81=,167
51+79=,51-79=,130
32+47=,32-47=,79
26+26=,26-26=,52
4+2=,4-2=,6
44+11=,44-11=,55
51+9=,51-9=,60
59+99=,59-99=,158
81+73=,81-73=,154
21+99=,21-99=,120
15+12=,15-12=,27
66+92=,66-92=,158
8+49=,8-49=,57
2+63=,2-63=,65
45+28=,45-28=,73
21+57=,21-57=,78
100+89=,100-89=,189
25+11=,25-11=,36
58+99=,58-99=,157
76+14=,76-14=,90
83+75=,83-75=,158
58+75=,58-75=,133
33+63=,33-63=,96
64+73=,64-73=,137
57+25=,57-25=,82
42+93=,42-93=,135
57+15=,57-15=,72
92+71=,92-71=,163
93+81=,93-81=,174
37+90=,37-90=,127
40+77=,40-77=,117
57+49=,57-49=,106
63+85=,63-85=,148
51+5=,51-5=,56
7+84=,7-84=,91
89+54=,89-54=,143
49+29=,49-29=,78
28+34=,28-34=,62
76+31=,76-31=,107
59+65=,59-65=,124
64+25=,64-25=,89
17+90=,17-90=,107
5+5=,5-5=,10
55+59=,55-59=,114
51+74=,51-74=,125
33+68=,33-68=,101
83+46=,83-46=,129
89+23=,89-23=,112
43+5=,43-5=,48
23+86=,23-86=,109
69+44=,69-44=,113
38+44=,38-44=,82
88+31=,88-31=,119
86+73=,86-73=,159
17+34=,17-34=,51
74+80=,74-80=,154
2+51=,2-51=,53
26+58=,26-58=,84
28+92=,28-92=,120
8+55=,8-55=,63
61+54=,61-54=,115
26+48=,26-48=,74
67+31=,67-31=,98
51+13=,51-13=,64
94+54=,94-54=,148
13+100=,13-100=,113
64+35=,64-35=,99
85+20=,85-20=,105
66+91=,66-91=,157
97+30=,97-30=,127
13+70=,13-70=,83
26+68=,26-68=,94
1+67=,1-67=,68
42+58=,42-58=,100
61+14=,61-14=,75
94+6=,94-6=,100
12+9=,12-9=,21
3+67=,3-67=,70
48+83=,48-83=,131
73+3=,73-3=,76
87+77=,87-77=,164
65+25=,65-25=,90
80+4=,80-4=,84
78+35=,78-35=,113
69+32=,69-32=,101
43+51=,43-51=,94
60+89=,60-89=,149
58+38=,58-38=,96
13+91=,13-91=,104
20+93=,20-93=,113
26+44=,26-44=,70
45+64=,45-64=,109
82+65=,82-65=,147
27+3=,27-3=,30
8+22=,8-22=,30
86+98=,86-98=,184
100+7=,100-7=,107
6+5=,6-5=,11
34+22=,34-22=,56
78+8=,78-8=,86
74+25=,74-25=,99
17+95=,17-95=,112
92+44=,92-44=,136
51+96=,51-96=,147
85+31=,85-31=,116
6+9=,6-9=,15
46+66=,46-66=,112
8+45=,8-45=,53
20+100=,20-100=,120
95+55=,95-55=,150
12+22=,12-22=,34
48+71=,48-71=,119
80+55=,80-55=,135
91+49=,91-49=,140
45+99=,45-99=,144
93+49=,93-49=,142
65+14=,65-14=,79
61+26=,61-26=,87
25+5=,25-5=,30
59+67=,59-67=,126
66+82=,66-82=,148
36+4=,36-4=,40
98+84=,98-84=,182
42+51=,42-51=,93
89+13=,89-13=,102
62+33=,62-33=,95
74+34=,74-34=,108
18+65=,18-65=,83
71+64=,71-64=,135
40+16=,40-16=,56
32+53=,32-53=,85
91+45=,91-45=,136
39+29=,39-29=,68
8+96=,8-96=,104
9+37=,9-37=,46
7+31=,7-31=,38
16+11=,16-11=,27
30+7=,30-7=,37
39+9=,39-9=,48
43+87=,43-87=,130
21+19=,21-19=,40
56+43=,56-43=,99
18+75=,18-75=,93
83+91=,83-91=,174
22+2=,22-2=,24
47+11=,47-11=,58
100+48=,100-48=,148
75+35=,75-35=,110
90+22=,90-22=,112
78+94=,78-94=,172
83+19=,83-19=,102
43+37=,43-37=,80
35+15=,35-15=,50
30+61=,30-61=,91
45+6=,45-6=,51
38+93=,38-93=,131
43+13=,43-13=,56
62+76=,62-76=,138
1+55=,1-55=,56
15+16=,15-16=,31
81+28=,81-28=,109
42+63=,42-63=,105
23+6=,23-6=,29
21+61=,21-61=,82
72+94=,72-94=,166
37+84=,37-84=,121
29+17=,29-17=,46
87+71=,87-71=,158
94+63=,94-63=,157
98+79=,98-79=,177
8+20=,8-20=,28
93+28=,93-28=,121
71+97=,71-97=,168
47+42=,47-42=,89
35+17=,35-17=,52
89+35=,89-35=,124
60+15=,60-15=,75
94+34=,94-34=,128
64+93=,64-93=,157
63+42=,63-42=,105
46+23=,46-23=,69
90+29=,90-29=,119
69+16=,69-16=,85
82+59=,82-59=,141
70+71=,70-71=,141
34+24=,34-24=,58
72+75=,72-75=,147
49+66=,49-66=,115
9+36=,9-36=,45
55+43=,55-43=,98
88+47=,88-47=,135
29+22=,29-22=,51
100+19=,100-19=,119
39+59=,39-59=,98
89+98=,89-98=,187
59+90=,59-90=,149
30+79=,30-79=,109
24+15=,24-15=,39
60+43=,60-43=,103
29+14=,29-14=,43
52+40=,52-40=,92
94+67=,94-67=,161
86+6=,86-6=,92
75+71=,75-71=,146
33+68=,33-68=,101
92+93=,92-93=,185
46+31=,46-31=,77
23+77=,23-77=,100
86+37=,86-37=,123
30+45=,30-45=,75
62+73=,62-73=,135
50+98=,50-98=,148
93+25=,93-25=,118
19+56=,19-56=,75
28+44=,28-44=,72
86+55=,86-55=,141
90+85=,90-85=,175
44+94=,44-94=,138
33+13=,33-13=,46
55+48=,55-48=,103
59+19=,59-19=,78
21+92=,21-92=,113
13+42=,13-42=,55
32+4=,32-4=,36
22+81=,22-81=,103
71+96=,71-96=,167
59+95=,59-95=,154
12+58=,12-58=,70
71+46=,71-46=,117
16+82=,16-82=,98
12+77=,12-77=,89
35+94=,35-94=,129
44+95=,44-95=,139
14+11=,14-11=,25
25+99=,25-99=,124
72+93=,72-93=,165
9+86=,9-86=,95
80+45=,80-45=,125
89+63=,89-63=,152
71+9=,71-9=,80
95+73=,95-73=,168
53+83=,53-83=,136
51+10=,51-10=,61
92+75=,92-75=,167
62+79=,62-79=,141
52+43=,52-43=,95
76+88=,76-88=,164
66+68=,66-68=,134
78+22=,78-22=,100
73+16=,73-16=,89
93+50=,93-50=,143
34+23=,34-23=,57
80+36=,80-36=,116
28+26=,28-26=,54
10+66=,10-66=,76
39+86=,39-86=,125
82+45=,82-45=,127
68+59=,68-59=,127
76+54=,76-54=,130
99+98=,99-98=,197
100+44=,100-44=,144
4+52=,4-52=,56
13+5=,13-5=,18
70+69=,70-69=,139
50+51=,50-51=,101
98+70=,98-70=,168
79+6=,79-6=,85
100+32=,100-32=,132
93+4=,93-4=,97
43+22=,43-22=,65
67+55=,67-55=,122
79+51=,79-51=,130
5+53=,5-53=,58
35+17=,35-17=,52
90+99=,90-99=,189
21+66=,21-66=,87
14+20=,14-20=,34
55+77=,55-77=,132
91+21=,91-21=,112
88+21=,88-21=,109
72+93=,72-93=,165
28+38=,28-38=,66
3+74=,3-74=,77
72+73=,72-73=,145
56+85=,56-85=,141
88+67=,88-67=,155
68+81=,68-81=,149
23+81=,23-81=,104
1+23=,1-23=,24
41+76=,41-76=,117
50+97=,50-97=,147
76+96=,76-96=,172
89+27=,89-27=,116
27+16=,27-16=,43
68+31=,68-31=,99
33+22=,33-22=,55
19+56=,19-56=,75
33+99=,33-99=,132
50+21=,50-21=,71
46+78=,46-78=,124
6+11=,6-11=,17
57+40=,57-40=,97
21+19=,21-19=,40
100+57=,100-57=,157
98+34=,98-34=,132
11+40=,11-40=,51
52+34=,52-34=,86
18+39=,18-39=,57
20+16=,20-16=,36
23+92=,23-92=,115
38+50=,38-50=,88
75+53=,75-53=,128
12+49=,12-49=,61
70+93=,70-93=,163
62+77=,62-77=,139
82+8=,82-8=,90
56+58=,56-58=,114
71+93=,71-93=,164
70+67=,70-67=,137
86+9=,86-9=,95
75+45=,75-45=,120
54+73=,54-73=,127
99+72=,99-72=,171
21+47=,21-47=,68
66+18=,66-18=,84
95+73=,95-73=,168
81+28=,81-28=,109
92+95=,92-95=,187
29+57=,29-57=,86
74+83=,74-83=,157
74+87=,74-87=,161
21+43=,21-43=,64
23+86=,23-86=,109
74+65=,74-65=,139
4+4=,4-4=,8
40+64=,40-64=,104
68+52=,68-52=,120
33+90=,33-90=,123
69+9=,69-9=,78
68+84=,68-84=,152
36+75=,36-75=,111
100+57=,100-57=,157
12+66=,12-66=,78
85+29=,85-29=,114
31+10=,31-10=,41
4+10=,4-10=,14
98+76=,98-76=,174
57+76=,57-76=,133
88+12=,88-12=,100
14+38=,14-38=,52
23+99=,23-99=,122
58+57=,58-57=,115
67+15=,67-15=,82
37+17=,37-17=,54
39+88=,39-88=,127
68+28=,68-28=,96
82+100=,82-100=,182
82+52=,82-52=,134
27+44=,27-44=,71
32+3=,32-3=,35
35+74=,35-74=,109
27+44=,27-44=,71
91+44=,91-44=,135
48+33=,48-33=,81
35+73=,35-73=,108
62+15=,62-15=,77
18+41=,18-41=,59
71+33=,71-33=,104
48+11=,48-11=,59
5+76=,5-76=,81
66+49=,66-49=,115
85+7=,85-7=,92
31+68=,31-68=,99
54+13=,54-13=,67
73+64=,73-64=,137
29+20=,29-20=,49
9+54=,9-54=,63
14+97=,14-97=,111
96+17=,96-17=,113
63+70=,63-70=,133
8+2=,8-2=,10
11+70=,11-70=,81
82+28=,82-28=,110
96+61=,96-61=,157
95+33=,95-33=,128
94+82=,94-82=,176
66+99=,66-99=,165
39+10=,39-10=,49
99+32=,99-32=,131
55+93=,55-93=,148
44+39=,44-39=,83
75+48=,75-48=,123
51+42=,51-42=,93
16+51=,16-51=,67
7+46=,7-46=,53
61+20=,61-20=,81
25+30=,25-30=,55
71+74=,71-74=,145
74+85=,74-85=,159
52+27=,52-27=,79
20+32=,20-32=,52
24+61=,24-61=,85
73+17=,73-17=,90
39+27=,39-27=,66
50+2=,50-2=,52
72+62=,72-62=,134
99+42=,99-42=,141
61+53=,61-53=,114
12+87=,12-87=,99
16+66=,16-66=,82
19+100=,19-100=,119
22+29=,22-29=,51
28+22=,28-22=,50
62+78=,62-78=,140
87+23=,87-23=,110
48+82=,48-82=,130
27+99=,27-99=,126
84+60=,84-60=,144
20+88=,20-88=,108
58+65=,58-65=,123
67+79=,67-79=,146
22+10=,22-10=,32
18+88=,18-88=,106
65+96=,65-96=,161
50+85=,50-85=,135
87+23=,87-23=,110
43+3=,43-3=,46
35+94=,35-94=,129
82+3=,82-3=,85
40+7=,40-7=,47
80+78=,80-78=,158
24+50=,24-50=,74
85+74=,85-74=,159
90+90=,90-90=,180
54+10=,54-10=,64
14+74=,14-74=,88
15+49=,15-49=,64
84+58=,84-58=,142
100+60=,100-60=,160
47+33=,47-33=,80
79+69=,79-69=,148
98+45=,98-45=,143
8+59=,8-59=,67
35+18=,35-18=,53
53+87=,53-87=,140
76+47=,76-47=,123
75+74=,75-74=,149
13+24=,13-24=,37
72+15=,72-15=,87
46+16=,46-16=,62
25+21=,25-21=,46
31+20=,31-20=,51
40+54=,40-54=,94
55+97=,55-97=,152
38+58=,38-58=,96
84+77=,84-77=,161
97+87=,97-87=,184
95+20=,95-20=,115
47+82=,47-82=,129
43+100=,43-100=,143
76+39=,76-39=,115
9+4=,9-4=,13
5+55=,5-55=,60
24+83=,24-83=,107
71+13=,71-13=,84
83+15=,83-15=,98
24+82=,24-82=,106
10+98=,10-98=,108
38+86=,38-86=,124
2+44=,2-44=,46
78+74=,78-74=,152
48+30=,48-30=,78
62+17=,62-17=,79
55+84=,55-84=,139
50+87=,50-87=,137
75+54=,75-54=,129
53+85=,53-85=,138
21+77=,21-77=,98
85+27=,85-27=,112
20+51=,20-51=,71
1+5=,1-5=,6
89+26=,89-26=,115
59+27=,59-27=,86
16+40=,16-40=,56
12+4=,12-4=,16
4+14=,4-14=,18
40+35=,40-35=,75
63+37=,63-37=,100
79+52=,79-52=,131
71+21=,71-21=,92
11+88=,11-88=,99
88+50=,88-50=,138
55+93=,55-93=,148
74+27=,74-27=,101
63+77=,63-77=,140
68+30=,68-30=,98
55+46=,55-46=,101
80+43=,80-43=,123
29+75=,29-75=,104
62+2=,62-2=,64
89+49=,89-49=,138
5+65=,5-65=,70
95+96=,95-96=,191
46+34=,46-34=,80
56+42=,56-42=,98
58+89=,58-89=,147
100+82=,100-82=,182
92+58=,92-58=,150
40+41=,40-41=,81
55+87=,55-87=,142
52+75=,52-75=,127
52+60=,52-60=,112
90+29=,90-29=,119
5+38=,5-38=,43
33+53=,33-53=,86
86+94=,86-94=,180
30+12=,30-12=,42
3+77=,3-77=,80
52+79=,52-79=,131
12+65=,12-65=,77
23+35=,23-35=,58
92+54=,92-54=,146
26+29=,26-29=,55
18+19=,18-19=,37
65+31=,65-31=,96
76+65=,76-65=,141
36+69=,36-69=,105
19+71=,19-71=,90
96+53=,96-53=,149
18+51=,18-51=,69
94+9=,94-9=,103
19+84=,19-84=,103
61+60=,61-60=,121
19+75=,19-75=,94
86+94=,86-94=,180
85+28=,85-28=,113
64+97=,64-97=,161
98+45=,98-45=,143
15+11=,15-11=,26
31+83=,31-83=,114
82+83=,82-83=,165
55+100=,55-100=,155
5+16=,5-16=,21
38+68=,38-68=,106
85+66=,85-66=,151
13+46=,13-46=,59
11+6=,11-6=,17
66+84=,66-84=,150
60+26=,60-26=,86
44+35=,44-35=,79
46+6=,46-6=,52
84+4=,84-4=,88
38+71=,38-71=,109
33+27=,33-27=,60
7+97=,7-97=,104
54+34=,54-34=,88
89+3=,89-3=,92
23+29=,23-29=,52
98+82=,98-82=,180
21+27=,21-27=,48
23+37=,23-37=,60
7+15=,7-15=,22
60+82=,60-82=,142
74+65=,74-65=,139
56+4=,56-4=,60
85+69=,85-69=,154
33+18=,33-18=,51
38+21=,38-21=,59
48+17=,48-17=,65
44+28=,44-28=,72
84+87=,84-87=,171
85+14=,85-14=,99
99+17=,99-17=,116
43+32=,43-32=,75
37+30=,37-30=,67
21+61=,21-61=,82
31+52=,31-52=,83
58+86=,58-86=,144
46+16=,46-16=,62
18+79=,18-79=,97
88+99=,88-99=,187
85+75=,85-75=,160
21+96=,21-96=,117
68+99=,68-99=,167
91+61=,91-61=,152
43+12=,43-12=,55
74+91=,74-91=,165
73+95=,73-95=,168
40+98=,40-98=,138
21+30=,21-30=,51
56+64=,56-64=,120
6+42=,6-42=,48
64+47=,64-47=,111
51+75=,51-75=,126
7+14=,7-14=,21
15+93=,15-93=,108
2+98=,2-98=,100
19+33=,19-33=,52
17+56=,17-56=,73
87+51=,87-51=,138
59+2=,59-2=,61
11+64=,11-64=,75
30+29=,30-29=,59
74+60=,74-60=,134
84+29=,84-29=,113
93+38=,93-38=,131
61+20=,61-20=,81
36+100=,36-100=,136
69+7=,69-7=,76
79+22=,79-22=,101
32+42=,32-42=,74
95+73=,95-73=,168
91+79=,91-79=,170
70+91=,70-91=,161
64+12=,64-12=,76
33+3=,33-3=,36
16+64=,16-64=,80
24+91=,24-91=,115
91+98=,91-98=,189
7+80=,7-80=,87
66+30=,66-30=,96
24+74=,24-74=,98
93+27=,93-27=,120
31+20=,31-20=,51
23+17=,23-17=,40
30+29=,30-29=,59
90+28=,90-28=,118
50+33=,50-33=,83
51+50=,51-50=,101
72+64=,72-64=,136
100+14=,100-14=,114
82+13=,82-13=,95
19+23=,19-23=,42
54+89=,54-89=,143
70+59=,70-59=,129
17+15=,17-15=,32
73+65=,73-65=,138
94+30=,94-30=,124
36+56=,36-56=,92
61+33=,61-33=,94
75+36=,75-36=,111
79+56=,79-56=,135
83+18=,83-18=,101
92+53=,92-53=,145
75+6=,75-6=,81
18+72=,18-72=,90
59+80=,59-80=,139
84+27=,84-27=,111
10+11=,10-11=,21
23+94=,23-94=,117
48+20=,48-20=,68
1+14=,1-14=,15
79+89=,79-89=,168
68+36=,68-36=,104
20+39=,20-39=,59
82+20=,82-20=,102
10+22=,10-22=,32
18+34=,18-34=,52
59+1=,59-1=,60
37+74=,37-74=,111
41+52=,41-52=,93
73+20=,73-20=,93
93+14=,93-14=,107
80+94=,80-94=,174
76+87=,76-87=,163
40+37=,40-37=,77
95+98=,95-98=,193
3+26=,3-26=,29
77+55=,77-55=,132
23+53=,23-53=,76
43+61=,43-61=,104
21+29=,21-29=,50
20+67=,20-67=,87
81+68=,81-68=,149
27+32=,27-32=,59
52+48=,52-48=,100
10+39=,10-39=,49
16+67=,16-67=,83
56+20=,56-20=,76
35+50=,35-50=,85
78+97=,78-97=,175
22+16=,22-16=,38
6+3=,6-3=,9
25+68=,25-68=,93
23+40=,23-40=,63
87+87=,87-87=,174
62+49=,62-49=,111
47+9=,47-9=,56
19+21=,19-21=,40
59+28=,59-28=,87
69+63=,69-63=,132
95+46=,95-46=,141
28+12=,28-12=,40
20+29=,20-29=,49
18+46=,18-46=,64
80+65=,80-65=,145
43+19=,43-19=,62
30+68=,30-68=,98
20+70=,20-70=,90
57+79=,57-79=,136
48+81=,48-81=,129
13+91=,13-91=,104
23+12=,23-12=,35
24+61=,24-61=,85
62+23=,62-23=,85
46+94=,46-94=,140
76+24=,76-24=,100
97+26=,97-26=,123
79+45=,79-45=,124
7+73=,7-73=,80
43+58=,43-58=,101
73+57=,73-57=,130
35+76=,35-76=,111
89+96=,89-96=,185
97+15=,97-15=,112
85+48=,85-48=,133
31+83=,31-83=,114
6+37=,6-37=,43
62+89=,62-89=,151
43+10=,43-10=,53
81+35=,81-35=,116
68+60=,68-60=,128
15+9=,15-9=,24
56+15=,56-15=,71
58+6=,58-6=,64
20+78=,20-78=,98
33+19=,33-19=,52
28+24=,28-24=,52
30+27=,30-27=,57
44+26=,44-26=,70
61+48=,61-48=,109
75+58=,75-58=,133
6+23=,6-23=,29
96+42=,96-42=,138
47+98=,47-98=,145
60+54=,60-54=,114
79+14=,79-14=,93
59+69=,59-69=,128
76+43=,76-43=,119
10+68=,10-68=,78
38+75=,38-75=,113
65+89=,65-89=,154
82+62=,82-62=,144
8+74=,8-74=,82
86+75=,86-75=,161
90+10=,90-10=,100
50+92=,50-92=,142
12+96=,12-96=,108
41+62=,41-62=,103
44+45=,44-45=,89
73+32=,73-32=,105
61+23=,61-23=,84
24+21=,24-21=,45
65+49=,65-49=,114
5+91=,5-91=,96
61+70=,61-70=,131
63+23=,63-23=,86
38+100=,38-100=,138
61+51=,61-51=,112
87+18=,87-18=,105
51+69=,51-69=,120
32+40=,32-40=,72
54+31=,54-31=,85
1+89=,1-89=,90
15+44=,15-44=,59
39+25=,39-25=,64
86+55=,86-55=,141
1+59=,1-59=,60
86+51=,86-51=,137
9+9=,9-9=,18
23+1=,23-1=,24
27+79=,27-79=,106
45+23=,45-23=,68
79+4=,79-4=,83
23+32=,23-32=,55
82+73=,82-73=,155
37+52=,37-52=,89
11+53=,11-53=,64
81+88=,81-88=,169
9+49=,9-49=,58
35+79=,35-79=,114
13+17=,13-17=,30
72+94=,72-94=,166
99+15=,99-15=,114
68+23=,68-23=,91
85+87=,85-87=,172
51+18=,51-18=,69
8+74=,8-74=,82
39+100=,39-100=,139
48+3=,48-3=,51
12+47=,12-47=,59
50+94=,50-94=,144
42+90=,42-90=,132
92+58=,92-58=,150
41+66=,41-66=,107
1+46=,1-46=,47
95+17=,95-17=,112
8+73=,8-73=,81
79+38=,79-38=,117
96+46=,96-46=,142
84+27=,84-27=,111
32+25=,32-25=,57
100+21=,100-21=,121
83+31=,83-31=,114
53+37=,53-37=,90
90+12=,90-12=,102
94+51=,94-51=,145
65+21=,65-21=,86
29+43=,29-43=,72
6+42=,6-42=,48
36+8=,36-8=,44
44+51=,44-51=,95
33+4=,33-4=,37
9+38=,9-38=,47
19+73=,19-73=,92
22+5=,22-5=,27
91+2=,91-2=,93
17+45=,17-45=,62
52+47=,52-47=,99
66+29=,66-29=,95
16+16=,16-16=,32
82+16=,82-16=,98
83+44=,83-44=,127
39+68=,39-68=,107
26+20=,26-20=,46
71+48=,71-48=,119
48+15=,48-15=,63
59+85=,59-85=,144
29+55=,29-55=,84
83+9=,83-9=,92
56+70=,56-70=,126
14+93=,14-93=,107
7+84=,7-84=,91
89+32=,89-32=,121
77+33=,77-33=,110
88+96=,88-96=,184
33+18=,33-18=,51
79+73=,79-73=,152
93+63=,93-63=,156
23+37=,23-37=,60
18+55=,18-55=,73
37+75=,37-75=,112
19+18=,19-18=,37
5+48=,5-48=,53
62+81=,62-81=,143
61+27=,61-27=,88
87+57=,87-57=,144
88+61=,88-61=,149
9+13=,9-13=,22
83+1=,83-1=,84
39+24=,39-24=,63
77+64=,77-64=,141
36+67=,36-67=,103
36+39=,36-39=,75
65+85=,65-85=,150
87+80=,87-80=,167
89+90=,89-90=,179
11+26=,11-26=,37
68+31=,68-31=,99
47+73=,47-73=,120
24+17=,24-17=,41
30+93=,30-93=,123
34+96=,34-96=,130
11+85=,11-85=,96
86+22=,86-22=,108
5+65=,5-65=,70
90+76=,90-76=,166
66+12=,66-12=,78
26+36=,26-36=,62
80+49=,80-49=,129
71+94=,71-94=,165
54+9=,54-9=,63
77+20=,77-20=,97
75+15=,75-15=,90
63+30=,63-30=,93
22+31=,22-31=,53
49+55=,49-55=,104
95+97=,95-97=,192
89+11=,89-11=,100
72+12=,72-12=,84
94+36=,94-36=,130
94+3=,94-3=,97
92+39=,92-39=,131
85+8=,85-8=,93
93+92=,93-92=,185
67+61=,67-61=,128
98+8=,98-8=,106
12+21=,12-21=,33
70+50=,70-50=,120
21+36=,21-36=,57
9+1=,9-1=,10
92+82=,92-82=,174
86+69=,86-69=,155
42+38=,42-38=,80
28+36=,28-36=,64
87+72=,87-72=,159
83+94=,83-94=,177
35+17=,35-17=,52
16+37=,16-37=,53
58+37=,58-37=,95
82+69=,82-69=,151
75+70=,75-70=,145
55+59=,55-59=,114
8+65=,8-65=,73
5+3=,5-3=,8
72+52=,72-52=,124
30+61=,30-61=,91
28+72=,28-72=,100
78+39=,78-39=,117
84+63=,84-63=,147
100+50=,100-50=,150
18+13=,18-13=,31
4+65=,4-65=,69
65+50=,65-50=,115
98+10=,98-10=,108
74+96=,74-96=,170
92+20=,92-20=,112
63+38=,63-38=,101
33+89=,33-89=,122
49+61=,49-61=,110
95+10=,95-10=,105
15+29=,15-29=,44
26+58=,26-58=,84
52+68=,52-68=,120
11+60=,11-60=,71
89+20=,89-20=,109
3+22=,3-22=,25
48+72=,48-72=,120
22+92=,22-92=,114
88+57=,88-57=,145
31+47=,31-47=,78
96+64=,96-64=,160
87+38=,87-38=,125
29+34=,29-34=,63
50+13=,50-13=,63
77+55=,77-55=,132
79+51=,79-51=,130
96+15=,96-15=,111
38+84=,38-84=,122
70+75=,70-75=,145
85+36=,85-36=,121
46+14=,46-14=,60
34+69=,34-69=,103
6+99=,6-99=,105
42+18=,42-18=,60
91+79=,91-79=,170
23+56=,23-56=,79
35+53=,35-53=,88
32+52=,32-52=,84
53+17=,53-17=,70
62+88=,62-88=,150
72+23=,72-23=,95
84+78=,84-78=,162
100+12=,100-12=,112
25+51=,25-51=,76
24+41=,24-41=,65
10+23=,10-23=,33
55+9=,55-9=,64
92+56=,92-56=,148
79+44=,79-44=,123
63+6=,63-6=,69
91+49=,91-49=,140
40+68=,40-68=,108
56+71=,56-71=,127
26+4=,26-4=,30
60+9=,60-9=,69
49+44=,49-44=,93
96+54=,96-54=,150
28+84=,28-84=,112
34+98=,34-98=,132
84+44=,84-44=,128
4+62=,4-62=,66
71+23=,71-23=,94
5+58=,5-58=,63
12+54=,12-54=,66
64+98=,64-98=,162
19+54=,19-54=,73
45+84=,45-84=,129
22+51=,22-51=,73
49+90=,49-90=,139
60+30=,60-30=,90
74+52=,74-52=,126
79+28=,79-28=,107
98+99=,98-99=,197
9+95=,9-95=,104
35+73=,35-73=,108
53+49=,53-49=,102
96+93=,96-93=,189
65+23=,65-23=,88
72+35=,72-35=,107
97+93=,97-93=,190
94+30=,94-30=,124
58+25=,58-25=,83
66+56=,66-56=,122
20+89=,20-89=,109
24+29=,24-29=,53
51+86=,51-86=,137
37+31=,37-31=,68
19+57=,19-57=,76
54+65=,54-65=,119
44+61=,44-61=,105
21+74=,21-74=,95
30+60=,30-60=,90
9+50=,9-50=,59
61+48=,61-48=,109
34+42=,34-42=,76
99+63=,99-63=,162
43+57=,43-57=,100
37+77=,37-77=,114
39+92=,39-92=,131
31+55=,31-55=,86
10+58=,10-58=,68
25+37=,25-37=,62
85+73=,85-73=,158
27+74=,27-74=,101
32+65=,32-65=,97
48+13=,48-13=,61
43+95=,43-95=,138
87+49=,87-49=,136
6+80=,6-80=,86
21+10=,21-10=,31
52+51=,52-51=,103
52+56=,52-56=,108
47+100=,47-100=,147
91+2=,91-2=,93
34+41=,34-41=,75
20+99=,20-99=,119
15+93=,15-93=,108
40+13=,40-13=,53
3+67=,3-67=,70
38+72=,38-72=,110
33+6=,33-6=,39
26+46=,26-46=,72
59+69=,59-69=,128
43+1=,43-1=,44
80+62=,80-62=,142
61+8=,61-8=,69
96+20=,96-20=,116
81+34=,81-34=,115
100+93=,100-93=,193
3+39=,3-39=,42
17+63=,17-63=,80
56+15=,56-15=,71
97+25=,97-25=,122
38+75=,38-75=,113
67+17=,67-17=,84
10+52=,10-52=,62
7+10=,7-10=,17
20+86=,20-86=,106
80+53=,80-53=,133
94+69=,94-69=,163
82+31=,82-31=,113
62+77=,62-77=,139
6+3=,6-3=,9
83+47=,83-47=,130
17+12=,17-12=,29
86+88=,86-88=,174
41+98=,41-98=,139
95+44=,95-44=,139
64+78=,64-78=,142
24+98=,24-98=,122
16+76=,16-76=,92
51+12=,51-12=,63
57+98=,57-98=,155
59+12=,59-12=,71
57+62=,57-62=,119
47+83=,47-83=,130
87+58=,87-58=,145
13+88=,13-88=,101
47+60=,47-60=,107
3+30=,3-30=,33
11+100=,11-100=,111
6+71=,6-71=,77
3+47=,3-47=,50
55+6=,55-6=,61
52+79=,52-79=,131
64+86=,64-86=,150
2+84=,2-84=,86
13+57=,13-57=,70
98+17=,98-17=,115
35+18=,35-18=,53
99+56=,99-56=,155
1+55=,1-55=,56
53+4=,53-4=,57
39+8=,39-8=,47
33+34=,33-34=,67
44+14=,44-14=,58
79+20=,79-20=,99
7+99=,7-99=,106
33+31=,33-31=,64
39+65=,39-65=,104
57+82=,57-82=,139
100+30=,100-30=,130
24+19=,24-19=,43
100+96=,100-96=,196
67+70=,67-70=,137
13+64=,13-64=,77
80+46=,80-46=,126
27+36=,27-36=,63
57+56=,57-56=,113
34+75=,34-75=,109
3+49=,3-49=,52
21+52=,21-52=,73
6+98=,6-98=,104
1+34=,1-34=,35
91+99=,91-99=,190
48+87=,48-87=,135
97+76=,97-76=,173
92+15=,92-15=,107
56+94=,56-94=,150
58+5=,58-5=,63
96+100=,96-100=,196
78+36=,78-36=,114
82+55=,82-55=,137
47+71=,47-71=,118
24+99=,24-99=,123
45+68=,45-68=,113
56+6=,56-6=,62
77+72=,77-72=,149
79+11=,79-11=,90
29+71=,29-71=,100
82+69=,82-69=,151
64+65=,64-65=,129
47+27=,47-27=,74
66+16=,66-16=,82
96+55=,96-55=,151
7+93=,7-93=,100
96+28=,96-28=,124
87+37=,87-37=,124
44+95=,44-95=,139
94+43=,94-43=,137
25+19=,25-19=,44
35+31=,35-31=,66
95+66=,95-66=,161
13+70=,13-70=,83
77+34=,77-34=,111
58+52=,58-52=,110
20+46=,20-46=,66
72+11=,72-11=,83
6+25=,6-25=,31
97+42=,97-42=,139
86+64=,86-64=,150
13+53=,13-53=,66
21+20=,21-20=,41
27+88=,27-88=,115
28+46=,28-46=,74
92+81=,92-81=,173
47+28=,47-28=,75
39+1=,39-1=,40
62+51=,62-51=,113
68+78=,68-78=,146
26+60=,26-60=,86
100+97=,100-97=,197
60+49=,60-49=,109
20+70=,20-70=,90
19+59=,19-59=,78
56+64=,56-64=,120
23+32=,23-32=,55
50+79=,50-79=,129
13+23=,13-23=,36
70+96=,70-96=,166
39+12=,39-12=,51
22+25=,22-25=,47
81+74=,81-74=,155
72+89=,72-89=,161
92+73=,92-73=,165
93+30=,93-30=,123
68+74=,68-74=,142
26+56=,26-56=,82
38+34=,38-34=,72
41+64=,41-64=,105
29+20=,29-20=,49
77+86=,77-86=,163
24+66=,24-66=,90
83+81=,83-81=,164
13+57=,13-57=,70
80+13=,80-13=,93
81+100=,81-100=,181
54+89=,54-89=,143
9+72=,9-72=,81
18+38=,18-38=,56
60+96=,60-96=,156
56+59=,56-59=,115
38+91=,38-91=,129
92+58=,92-58=,150
58+85=,58-85=,143
100+68=,100-68=,168
10+78=,10-78=,88
37+71=,37-71=,108
50+79=,50-79=,129
66+13=,66-13=,79
8+5=,8-5=,13
30+15=,30-15=,45
70+50=,70-50=,120
40+33=,40-33=,73
13+41=,13-41=,54
83+1=,83-1=,84
44+26=,44-26=,70
90+60=,90-60=,150
60+54=,60-54=,114
32+21=,32-21=,53
59+51=,59-51=,110
44+6=,44-6=,50
77+79=,77-79=,156
98+52=,98-52=,150
81+84=,81-84=,165
100+45=,100-45=,145
12+20=,12-20=,32
32+2=,32-2=,34
98+93=,98-93=,191
54+95=,54-95=,149
1+7=,1-7=,8
85+94=,85-94=,179
76+49=,76-49=,125
85+21=,85-21=,106
97+1=,97-1=,98
65+18=,65-18=,83
93+75=,93-75=,168
50+41=,50-41=,91
56+45=,56-45=,101
47+72=,47-72=,119
77+33=,77-33=,110
92+83=,92-83=,175
21+48=,21-48=,69
32+54=,32-54=,86
79+90=,79-90=,169
1+48=,1-48=,49
36+56=,36-56=,92
76+65=,76-65=,141
40+23=,40-23=,63
67+37=,67-37=,104
39+67=,39-67=,106
34+47=,34-47=,81
87+100=,87-100=,187
99+61=,99-61=,160
54+79=,54-79=,133
70+32=,70-32=,102
100+22=,100-22=,122
87+58=,87-58=,145
46+76=,46-76=,122
60+43=,60-43=,103
24+100=,24-100=,124
92+74=,92-74=,166
63+11=,63-11=,74
50+16=,50-16=,66
45+59=,45-59=,104
26+40=,26-40=,66
15+53=,15-53=,68
69+69=,69-69=,138
26+57=,26-57=,83
82+5=,82-5=,87
6+54=,6-54=,60
62+54=,62-54=,116
47+91=,47-91=,138
92+68=,92-68=,160
29+12=,29-12=,41
22+84=,22-84=,106
88+82=,88-82=,170
38+99=,38-99=,137
10+40=,10-40=,50
40+64=,40-64=,104
100+39=,100-39=,139
54+90=,54-90=,144
68+96=,68-96=,164
11+6=,11-6=,17
51+13=,51-13=,64
23+21=,23-21=,44
79+18=,79-18=,97
48+61=,48-61=,109
65+68=,65-68=,133
56+67=,56-67=,123
44+19=,44-19=,63
74+11=,74-11=,85
15+59=,15-59=,74
1+55=,1-55=,56
98+89=,98-89=,187
41+74=,41-74=,115
80+64=,80-64=,144
37+23=,37-23=,60
55+52=,55-52=,107
73+86=,73-86=,159
78+85=,78-85=,163
99+54=,99-54=,153
2+2=,2-2=,4
39+5=,39-5=,44
94+70=,94-70=,164
91+19=,91-19=,110
30+26=,30-26=,56
18+60=,18-60=,78
62+56=,62-56=,118
41+50=,41-50=,91
70+53=,70-53=,123
1+13=,1-13=,14
12+19=,12-19=,31
16+42=,16-42=,58
4+92=,4-92=,96
80+2=,80-2=,82
60+59=,60-59=,119
94+92=,94-92=,186
88+22=,88-22=,110
34+87=,34-87=,121
19+89=,19-89=,108
57+65=,57-65=,122
1+77=,1-77=,78
99+98=,99-98=,197
18+79=,18-79=,97
85+22=,85-22=,107
100+55=,100-55=,155
60+38=,60-38=,98
17+58=,17-58=,75
69+12=,69-12=,81
79+48=,79-48=,127
87+94=,87-94=,181
20+21=,20-21=,41
92+5=,92-5=,97
81+79=,81-79=,160
96+30=,96-30=,126
20+33=,20-33=,53
43+3=,43-3=,46
99+25=,99-25=,124
45+26=,45-26=,71
80+94=,80-94=,174
59+63=,59-63=,122
77+21=,77-21=,98
99+62=,99-62=,161
78+38=,78-38=,116
44+20=,44-20=,64
85+69=,85-69=,154
49+27=,49-27=,76
75+81=,75-81=,156
77+79=,77-79=,156
15+39=,15-39=,54
100+60=,100-60=,160
97+9=,97-9=,106
40+90=,40-90=,130
22+10=,22-10=,32
20+64=,20-64=,84
77+25=,77-25=,102
66+76=,66-76=,142
97+66=,97-66=,163
12+6=,12-6=,18
21+35=,21-35=,56
68+1=,68-1=,69
16+100=,16-100=,116
57+99=,57-99=,156
67+59=,67-59=,126
47+23=,47-23=,70
27+40=,27-40=,67
26+12=,26-12=,38
63+31=,63-31=,94
61+49=,61-49=,110
88+92=,88-92=,180
72+11=,72-11=,83
21+65=,21-65=,86
20+68=,20-68=,88
24+76=,24-76=,100
66+6=,66-6=,72
30+19=,30-19=,49
53+12=,53-12=,65
54+100=,54-100=,154
59+87=,59-87=,146
48+24=,48-24=,72
65+80=,65-80=,145
53+63=,53-63=,116
55+51=,55-51=,106
26+95=,26-95=,121
19+49=,19-49=,68
32+8=,32-8=,40
88+63=,88-63=,151
68+92=,68-92=,160
63+84=,63-84=,147
47+47=,47-47=,94
88+73=,88-73=,161
62+32=,62-32=,94
71+45=,71-45=,116
26+63=,26-63=,89
100+98=,100-98=,198
24+45=,24-45=,69
46+9=,46-9=,55
59+26=,59-26=,85
55+59=,55-59=,114
76+4=,76-4=,80
25+58=,25-58=,83
3+8=,3-8=,11
81+56=,81-56=,137
73+7=,73-7=,80
45+23=,45-23=,68
35+87=,35-87=,122
69+53=,69-53=,122
74+16=,74-16=,90
30+26=,30-26=,56
100+86=,100-86=,186
40+42=,40-42=,82
56+99=,56-99=,155
70+28=,70-28=,98
48+64=,48-64=,112
82+20=,82-20=,102
10+6=,10-6=,16
75+100=,75-100=,175
92+45=,92-45=,137
67+71=,67-71=,138
71+89=,71-89=,160
2+41=,2-41=,43
17+73=,17-73=,90
100+11=,100-11=,111
23+37=,23-37=,60
34+39=,34-39=,73
31+28=,31-28=,59
48+88=,48-88=,136
13+12=,13-12=,25
19+94=,19-94=,113
67+56=,67-56=,123
68+55=,68-55=,123
27+79=,27-79=,106
67+93=,67-93=,160
81+27=,81-27=,108
69+79=,69-79=,148
54+22=,54-22=,76
62+84=,62-84=,146
96+76=,96-76=,172
72+76=,72-76=,148
68+42=,68-42=,110
29+78=,29-78=,107
78+90=,78-90=,168
49+72=,49-72=,121
12+17=,12-17=,29
13+23=,13-23=,36
8+24=,8-24=,32
5+4=,5-4=,9
59+24=,59-24=,83
85+32=,85-32=,117
91+50=,91-50=,141
90+73=,90-73=,163
2+67=,2-67=,69
84+14=,84-14=,98
92+41=,92-41=,133
62+89=,62-89=,151
16+97=,16-97=,113
49+10=,49-10=,59
10+94=,10-94=,104
95+33=,95-33=,128
28+20=,28-20=,48
88+58=,88-58=,146
38+53=,38-53=,91
26+57=,26-57=,83
62+81=,62-81=,143
26+80=,26-80=,106
99+95=,99-95=,194
95+20=,95-20=,115
19+29=,19-29=,48
94+73=,94-73=,167
51+89=,51-89=,140
74+56=,74-56=,130
50+15=,50-15=,65
83+25=,83-25=,108
26+37=,26-37=,63
8+16=,8-16=,24
34+87=,34-87=,121
34+50=,34-50=,84
12+90=,12-90=,102
43+72=,43-72=,115
89+56=,89-56=,145
88+18=,88-18=,106
98+6=,98-6=,104
31+80=,31-80=,111
42+93=,42-93=,135
44+22=,44-22=,66
69+95=,69-95=,164
3+100=,3-100=,103
3+19=,3-19=,22
88+99=,88-99=,187
39+71=,39-71=,110
94+27=,94-27=,121
13+52=,13-52=,65
79+4=,79-4=,83
48+11=,48-11=,59
58+2=,58-2=,60
72+59=,72-59=,131
91+35=,91-35=,126
37+80=,37-80=,117
84+40=,84-40=,124
26+45=,26-45=,71
61+89=,61-89=,150
20+34=,20-34=,54
95+15=,95-15=,110
28+34=,28-34=,62
39+72=,39-72=,111
23+2=,23-2=,25
57+86=,57-86=,143
73+62=,73-62=,135
35+4=,35-4=,39
7+25=,7-25=,32
3+1=,3-1=,4
86+18=,86-18=,104
69+98=,69-98=,167
86+67=,86-67=,153
32+82=,32-82=,114
71+49=,71-49=,120
77+28=,77-28=,105
40+28=,40-28=,68
77+95=,77-95=,172
10+86=,10-86=,96
43+94=,43-94=,137
20+76=,20-76=,96
64+9=,64-9=,73
20+85=,20-85=,105
44+92=,44-92=,136
36+11=,36-11=,47
74+12=,74-12=,86
72+100=,72-100=,172
73+40=,73-40=,113
16+95=,16-95=,111
65+93=,65-93=,158
95+45=,95-45=,140
8+26=,8-26=,34
100+69=,100-69=,169
13+77=,13-77=,90
11+8=,11-8=,19
28+23=,28-23=,51
98+9=,98-9=,107
80+12=,80-12=,92
2+75=,2-75=,77
65+62=,65-62=,127
1+88=,1-88=,89
95+89=,95-89=,184
36+85=,36-85=,121
45+87=,45-87=,132
27+18=,27-18=,45
13+89=,13-89=,102
65+9=,65-9=,74
4+69=,4-69=,73
81+47=,81-47=,128
52+43=,52-43=,95
36+48=,36-48=,84
30+92=,30-92=,122
31+60=,31-60=,91
83+57=,83-57=,140
46+94=,46-94=,140
99+78=,99-78=,177
80+18=,80-18=,98
15+56=,15-56=,71
30+99=,30-99=,129
62+80=,62-80=,142
81+3=,81-3=,84
77+69=,77-69=,146
62+5=,62-5=,67
11+25=,11-25=,36
40+58=,40-58=,98
24+51=,24-51=,75
15+3=,15-3=,18
6+24=,6-24=,30
67+5=,67-5=,72
78+11=,78-11=,89
2+44=,2-44=,46
31+9=,31-9=,40
98+17=,98-17=,115
42+33=,42-33=,75
60+15=,60-15=,75
68+62=,68-62=,130
73+57=,73-57=,130
59+36=,59-36=,95
42+74=,42-74=,116
6+97=,6-97=,103
89+18=,89-18=,107
10+13=,10-13=,23
63+46=,63-46=,109
25+84=,25-84=,109
19+12=,19-12=,31
22+1=,22-1=,23
14+75=,14-75=,89
94+95=,94-95=,189
29+87=,29-87=,116
56+21=,56-21=,77
6+5=,6-5=,11
80+77=,80-77=,157
32+21=,32-21=,53
10+2=,10-2=,12
81+82=,81-82=,163
27+46=,27-46=,73
35+35=,35-35=,70
24+82=,24-82=,106
2+78=,2-78=,80
45+65=,45-65=,110
88+39=,88-39=,127
53+37=,53-37=,90
41+72=,41-72=,113
98+5=,98-5=,103
15+76=,15-76=,91
32+11=,32-11=,43
58+47=,58-47=,105
6+42=,6-42=,48
51+13=,51-13=,64
43+10=,43-10=,53
37+52=,37-52=,89
76+34=,76-34=,110
70+42=,70-42=,112
96+78=,96-78=,174
98+56=,98-56=,154
25+52=,25-52=,77
2+46=,2-46=,48
38+47=,38-47=,85
56+91=,56-91=,147
73+3=,73-3=,76
2+51=,2-51=,53
10+88=,10-88=,98
24+41=,24-41=,65
38+18=,38-18=,56
20+59=,20-59=,79
17+31=,17-31=,48
70+50=,70-50=,120
38+29=,38-29=,67
37+64=,37-64=,101
30+59=,30-59=,89
33+52=,33-52=,85
11+31=,11-31=,42
10+14=,10-14=,24
67+98=,67-98=,165
53+39=,53-39=,92
19+73=,19-73=,92
33+46=,33-46=,79
12+53=,12-53=,65
47+62=,47-62=,109
74+65=,74-65=,139
1+91=,1-91=,92
20+56=,20-56=,76
69+41=,69-41=,110
78+24=,78-24=,102
58+21=,58-21=,79
84+7=,84-7=,91
64+27=,64-27=,91
66+12=,66-12=,78
47+6=,47-6=,53
93+79=,93-79=,172
75+15=,75-15=,90
15+95=,15-95=,110
10+76=,10-76=,86
76+54=,76-54=,130
19+34=,19-34=,53
59+69=,59-69=,128
27+27=,27-27=,54
48+32=,48-32=,80
79+82=,79-82=,161
63+14=,63-14=,77
10+74=,10-74=,84
43+89=,43-89=,132
83+73=,83-73=,156
42+19=,42-19=,61
42+27=,42-27=,69
85+52=,85-52=,137
60+5=,60-5=,65
94+15=,94-15=,109
51+46=,51-46=,97
85+27=,85-27=,112
89+71=,89-71=,160
28+25=,28-25=,53
50+99=,50-99=,149
19+80=,19-80=,99
39+97=,39-97=,136
11+24=,11-24=,35
1+61=,1-61=,62
31+94=,31-94=,125
2+58=,2-58=,60
45+41=,45-41=,86
54+8=,54-8=,62
59+40=,59-40=,99
57+68=,57-68=,125
63+48=,63-48=,111
70+64=,70-64=,134
87+24=,87-24=,111
3+21=,3-21=,24
38+49=,38-49=,87
15+47=,15-47=,62
77+89=,77-89=,166
42+67=,42-67=,109
59+28=,59-28=,87
77+33=,77-33=,110
72+47=,72-47=,119
55+94=,55-94=,149
55+96=,55-96=,151
7+10=,7-10=,17
35+35=,35-35=,70
59+10=,59-10=,69
85+89=,85-89=,174
72+33=,72-33=,105
66+67=,66-67=,133
86+42=,86-42=,128
74+30=,74-30=,104
8+69=,8-69=,77
30+32=,30-32=,62
88+46=,88-46=,134
4+46=,4-46=,50
100+36=,100-36=,136
8+67=,8-67=,75
27+29=,27-29=,56
76+49=,76-49=,125
64+61=,64-61=,125
2+3=,2-3=,5
43+69=,43-69=,112
50+33=,50-33=,83
59+32=,59-32=,91
10+42=,10-42=,52
44+18=,44-18=,62
82+93=,82-93=,175
66+47=,66-47=,113
16+5=,16-5=,21
15+46=,15-46=,61
94+34=,94-34=,128
43+58=,43-58=,101
91+5=,91-5=,96
84+54=,84-54=,138
94+65=,94-65=,159
69+24=,69-24=,93
83+22=,83-22=,105
49+50=,49-50=,99
86+51=,86-51=,137
43+56=,43-56=,99
69+16=,69-16=,85
24+17=,24-17=,41
9+7=,9-7=,16
60+78=,60-78=,138
19+61=,19-61=,80
3+12=,3-12=,15
34+17=,34-17=,51
30+37=,30-37=,67
96+13=,96-13=,109
40+89=,40-89=,129
91+42=,91-42=,133
34+59=,34-59=,93
77+40=,77-40=,117
9+5=,9-5=,14
57+59=,57-59=,116
6+84=,6-84=,90
1+78=,1-78=,79
21+47=,21-47=,68
